transacao_id;data_hora;cliente_id;categoria;valor_venda;estado;status;detalhes_acesso
1001;2026-01-01 00:00:00;C052;Casa;96.33;RS;Pendente;"{""sistema"": ""iOS"", ""versao_app"": ""2.2""}"
1002;2026-01-01 00:15:00;C093;Casa;131.63;SP;Concluído;"{""sistema"": ""Web"", ""versao_app"": ""N/A""}"
1003;2026-01-01 00:30:00;C015;Moda;42.93;RS;Pendente;"{""sistema"": ""iOS"", ""versao_app"": ""2.2""}"
1004;2026-01-01 00:45:00;C072;Eletrônicos;710.99;PE;Cancelado;"{""sistema"": ""Android"", ""versao_app"": ""2.1""}"
1005;2026-01-01 01:00:00;C061;Moda;221.75;SP;Concluído;"{""sistema"": ""Web"", ""versao_app"": ""N/A""}"
1006;2026-01-01 01:15:00;C021;Moda;111.15;PR;Concluído;"{""sistema"": ""Android"", ""versao_app"": ""2.1""}"
1007;2026-01-01 01:30:00;C083;Casa;146.45;RJ;Concluído;"{""sistema"": ""Android"", ""versao_app"": ""2.1""}"
1008;2026-01-01 01:45:00;C087;Casa;168.19;PR;Concluído;"{""sistema"": ""Web"", ""versao_app"": ""N/A""}"
1009;2026-01-01 02:00:00;C075;Moda;249.44;PR;Concluído;"{""sistema"": ""Android"", ""versao_app"": ""2.1""}"
1010;2026-01-01 02:15:00;C075;Esportes;201.25;RS;Concluído;"{""sistema"": ""Web"", ""versao_app"": ""N/A""}"
1011;2026-01-01 02:30:00;C088;Casa;649.54;PE;Concluído;"{""sistema"": ""Android"", ""versao_app"": ""2.1""}"
1012;2026-01-01 02:45:00;C100;Eletrônicos;191.77;RJ;Concluído;"{""sistema"": ""Web"", ""versao_app"": ""N/A""}"
1013;2026-01-01 03:00:00;C024;Eletrônicos;1232.07;SP;Cancelado;"{""sistema"": ""Web"", ""versao_app"": ""N/A""}"
1014;2026-01-01 03:15:00;C003;Eletrônicos;496.67;SP;Concluído;"{""sistema"": ""iOS"", ""versao_app"": ""2.2""}"
1015;2026-01-01 03:30:00;C022;Eletrônicos;;BA;Cancelado;"{""sistema"": ""Web"", ""versao_app"": ""N/A""}"
1016;2026-01-01 03:45:00;C053;Eletrônicos;686.95;MG;Concluído;"{""sistema"": ""Web"", ""versao_app"": ""N/A""}"
1017;2026-01-01 04:00:00;C002;Eletrônicos;50.93;BA;Concluído;"{""sistema"": ""Android"", ""versao_app"": ""2.1""}"
1018;2026-01-01 04:15:00;C088;Moda;445.18;BA;Concluído;"{""sistema"": ""Web"", ""versao_app"": ""N/A""}"
1019;2026-01-01 04:30:00;C030;Eletrônicos;139.76;SP;Cancelado;"{""sistema"": ""iOS"", ""versao_app"": ""2.2""}"
1020;2026-01-01 04:45:00;C038;Livros;545.88;RS;Concluído;"{""sistema"": ""Android"", ""versao_app"": ""2.1""}"
1021;2026-01-01 05:00:00;C002;Eletrônicos;526.35;PR;Concluído;"{""sistema"": ""Android"", ""versao_app"": ""2.1""}"
1022;2026-01-01 05:15:00;C064;Moda;;PE;Cancelado;"{""sistema"": ""iOS"", ""versao_app"": ""2.2""}"
1023;2026-01-01 05:30:00;C060;Moda;;PR;Concluído;"{""sistema"": ""Android"", ""versao_app"": ""2.1""}"
1024;2026-01-01 05:45:00;C021;Esportes;110.85;PR;Pendente;"{""sistema"": ""Android"", ""versao_app"": ""2.1""}"
1025;2026-01-01 06:00:00;C033;Eletrônicos;41.1;RJ;Concluído;"{""sistema"": ""Android"", ""versao_app"": ""2.1""}"
1026;2026-01-01 06:15:00;C076;Moda;148.95;SP;Concluído;"{""sistema"": ""Android"", ""versao_app"": ""2.1""}"
1027;2026-01-01 06:30:00;C058;Esportes;67.65;PE;Concluído;"{""sistema"": ""iOS"", ""versao_app"": ""2.2""}"
1028;2026-01-01 06:45:00;C022;Livros;316.82;RS;Concluído;"{""sistema"": ""iOS"", ""versao_app"": ""2.2""}"
1029;2026-01-01 07:00:00;C089;Livros;126.2;RJ;Concluído;"{""sistema"": ""Android"", ""versao_app"": ""2.1""}"
1030;2026-01-01 07:15:00;C049;Moda;948.4;MG;Concluído;"{""sistema"": ""Android"", ""versao_app"": ""2.1""}"
1031;2026-01-01 07:30:00;C091;Eletrônicos;;RS;Concluído;"{""sistema"": ""iOS"", ""versao_app"": ""2.2""}"
1032;2026-01-01 07:45:00;C059;Casa;452.17;BA;Concluído;"{""sistema"": ""iOS"", ""versao_app"": ""2.2""}"
1033;2026-01-01 08:00:00;C042;Esportes;55.54;RS;Pendente;"{""sistema"": ""iOS"", ""versao_app"": ""2.2""}"
1034;2026-01-01 08:15:00;C092;Casa;515.15;RS;Concluído;"{""sistema"": ""Android"", ""versao_app"": ""2.1""}"
1035;2026-01-01 08:30:00;C060;Casa;;PR;Concluído;"{""sistema"": ""Android"", ""versao_app"": ""2.1""}"
1036;2026-01-01 08:45:00;C080;Moda;186.9;RS;Concluído;"{""sistema"": ""Web"", ""versao_app"": ""N/A""}"
1037;2026-01-01 09:00:00;C015;Livros;253.01;BA;Pendente;"{""sistema"": ""iOS"", ""versao_app"": ""2.2""}"
1038;2026-01-01 09:15:00;C062;Eletrônicos;381.84;BA;Concluído;"{""sistema"": ""Android"", ""versao_app"": ""2.1""}"
1039;2026-01-01 09:30:00;C062;Moda;68.04;SP;Concluído;"{""sistema"": ""iOS"", ""versao_app"": ""2.2""}"
1040;2026-01-01 09:45:00;C047;Moda;194.57;RS;Pendente;"{""sistema"": ""Android"", ""versao_app"": ""2.1""}"
1041;2026-01-01 10:00:00;C062;Moda;147.15;PR;Pendente;"{""sistema"": ""iOS"", ""versao_app"": ""2.2""}"
1042;2026-01-01 10:15:00;C051;Eletrônicos;59.57;RS;Concluído;"{""sistema"": ""Android"", ""versao_app"": ""2.1""}"
1043;2026-01-01 10:30:00;C055;Eletrônicos;134.53;MG;Pendente;"{""sistema"": ""Web"", ""versao_app"": ""N/A""}"
1044;2026-01-01 10:45:00;C064;Casa;37.65;MG;Pendente;"{""sistema"": ""Web"", ""versao_app"": ""N/A""}"
1045;2026-01-01 11:00:00;C003;Moda;26.54;PR;Pendente;"{""sistema"": ""iOS"", ""versao_app"": ""2.2""}"
1046;2026-01-01 11:15:00;C051;Casa;56.3;SP;Concluído;"{""sistema"": ""Android"", ""versao_app"": ""2.1""}"
1047;2026-01-01 11:30:00;C007;Eletrônicos;844.99;SP;Concluído;"{""sistema"": ""Android"", ""versao_app"": ""2.1""}"
1048;2026-01-01 11:45:00;C021;Moda;219.37;BA;Pendente;"{""sistema"": ""iOS"", ""versao_app"": ""2.2""}"
1049;2026-01-01 12:00:00;C073;Moda;864.04;BA;Pendente;"{""sistema"": ""Android"", ""versao_app"": ""2.1""}"
1050;2026-01-01 12:15:00;C039;Eletrônicos;161.63;RJ;Concluído;"{""sistema"": ""iOS"", ""versao_app"": ""2.2""}"
1051;2026-01-01 12:30:00;C018;Moda;113.42;PR;Concluído;"{""sistema"": ""Android"", ""versao_app"": ""2.1""}"
1052;2026-01-01 12:45:00;C004;Eletrônicos;196.38;RS;Concluído;"{""sistema"": ""iOS"", ""versao_app"": ""2.2""}"
1053;2026-01-01 13:00:00;C089;Eletrônicos;;PE;Concluído;"{""sistema"": ""Android"", ""versao_app"": ""2.1""}"
1054;2026-01-01 13:15:00;C060;Esportes;47.92;PR;Concluído;"{""sistema"": ""iOS"", ""versao_app"": ""2.2""}"
1055;2026-01-01 13:30:00;C014;Moda;275.99;RJ;Pendente;"{""sistema"": ""Android"", ""versao_app"": ""2.1""}"
1056;2026-01-01 13:45:00;C009;Livros;80.85;BA;Concluído;"{""sistema"": ""Web"", ""versao_app"": ""N/A""}"
1057;2026-01-01 14:00:00;C090;Moda;261.63;PR;Concluído;"{""sistema"": ""Android"", ""versao_app"": ""2.1""}"
1058;2026-01-01 14:15:00;C053;Casa;282.6;PR;Concluído;"{""sistema"": ""iOS"", ""versao_app"": ""2.2""}"
1059;2026-01-01 14:30:00;C002;Livros;61.23;BA;Concluído;"{""sistema"": ""Web"", ""versao_app"": ""N/A""}"
1060;2026-01-01 14:45:00;C084;Casa;35.83;RJ;Concluído;"{""sistema"": ""Android"", ""versao_app"": ""2.1""}"
1061;2026-01-01 15:00:00;C092;Moda;399.4;BA;Concluído;"{""sistema"": ""Web"", ""versao_app"": ""N/A""}"
1062;2026-01-01 15:15:00;C060;Moda;173.95;SP;Pendente;"{""sistema"": ""Android"", ""versao_app"": ""2.1""}"
1063;2026-01-01 15:30:00;C071;Moda;34.98;RS;Concluído;"{""sistema"": ""Web"", ""versao_app"": ""N/A""}"
1064;2026-01-01 15:45:00;C044;Esportes;1337.98;BA;Pendente;"{""sistema"": ""iOS"", ""versao_app"": ""2.2""}"
1065;2026-01-01 16:00:00;C008;Livros;34.88;RJ;Pendente;"{""sistema"": ""Android"", ""versao_app"": ""2.1""}"
1066;2026-01-01 16:15:00;C047;Esportes;316.89;MG;Concluído;"{""sistema"": ""Android"", ""versao_app"": ""2.1""}"
1067;2026-01-01 16:30:00;C035;Eletrônicos;1048.82;SP;Concluído;"{""sistema"": ""iOS"", ""versao_app"": ""2.2""}"
1068;2026-01-01 16:45:00;C078;Casa;88.34;MG;Cancelado;"{""sistema"": ""Web"", ""versao_app"": ""N/A""}"
1069;2026-01-01 17:00:00;C081;Esportes;58.36;PE;Concluído;"{""sistema"": ""iOS"", ""versao_app"": ""2.2""}"
1070;2026-01-01 17:15:00;C036;Eletrônicos;52.35;BA;Cancelado;"{""sistema"": ""iOS"", ""versao_app"": ""2.2""}"
1071;2026-01-01 17:30:00;C050;Eletrônicos;110.34;SP;Concluído;"{""sistema"": ""Web"", ""versao_app"": ""N/A""}"
1072;2026-01-01 17:45:00;C004;Casa;46.63;RS;Concluído;"{""sistema"": ""iOS"", ""versao_app"": ""2.2""}"
1073;2026-01-01 18:00:00;C002;Casa;314.54;BA;Pendente;"{""sistema"": ""Android"", ""versao_app"": ""2.1""}"
1074;2026-01-01 18:15:00;C006;Livros;36.08;RS;Concluído;"{""sistema"": ""Android"", ""versao_app"": ""2.1""}"
1075;2026-01-01 18:30:00;C054;Eletrônicos;198.04;PR;Concluído;"{""sistema"": ""Android"", ""versao_app"": ""2.1""}"
1076;2026-01-01 18:45:00;C004;Livros;1448.22;MG;Concluído;"{""sistema"": ""iOS"", ""versao_app"": ""2.2""}"
1077;2026-01-01 19:00:00;C054;Eletrônicos;440.46;SP;Cancelado;"{""sistema"": ""Android"", ""versao_app"": ""2.1""}"
1078;2026-01-01 19:15:00;C093;Eletrônicos;258.77;RS;Concluído;"{""sistema"": ""Android"", ""versao_app"": ""2.1""}"
1079;2026-01-01 19:30:00;C063;Eletrônicos;111.41;RJ;Concluído;"{""sistema"": ""Android"", ""versao_app"": ""2.1""}"
1080;2026-01-01 19:45:00;C018;Livros;264.47;RS;Pendente;"{""sistema"": ""Android"", ""versao_app"": ""2.1""}"
1081;2026-01-01 20:00:00;C090;Casa;207.19;RJ;Concluído;"{""sistema"": ""Android"", ""versao_app"": ""2.1""}"
1082;2026-01-01 20:15:00;C044;Moda;158.82;BA;Concluído;"{""sistema"": ""Android"", ""versao_app"": ""2.1""}"
1083;2026-01-01 20:30:00;C034;Moda;55.02;SP;Concluído;"{""sistema"": ""iOS"", ""versao_app"": ""2.2""}"
1084;2026-01-01 20:45:00;C074;Livros;564.22;RS;Concluído;"{""sistema"": ""Android"", ""versao_app"": ""2.1""}"
1085;2026-01-01 21:00:00;C062;Moda;169.36;PE;Pendente;"{""sistema"": ""Android"", ""versao_app"": ""2.1""}"
1086;2026-01-01 21:15:00;C100;Livros;74.11;RS;Concluído;"{""sistema"": ""Web"", ""versao_app"": ""N/A""}"
1087;2026-01-01 21:30:00;C014;Moda;134.62;PE;Concluído;"{""sistema"": ""iOS"", ""versao_app"": ""2.2""}"
1088;2026-01-01 21:45:00;C095;Moda;153.66;SP;Pendente;"{""sistema"": ""iOS"", ""versao_app"": ""2.2""}"
1089;2026-01-01 22:00:00;C048;Moda;459.39;RS;Concluído;"{""sistema"": ""iOS"", ""versao_app"": ""2.2""}"
1090;2026-01-01 22:15:00;C015;Moda;350.7;RJ;Concluído;"{""sistema"": ""iOS"", ""versao_app"": ""2.2""}"
1091;2026-01-01 22:30:00;C072;Casa;386.66;RS;Concluído;"{""sistema"": ""Android"", ""versao_app"": ""2.1""}"
1092;2026-01-01 22:45:00;C078;Moda;22.77;MG;Concluído;"{""sistema"": ""Android"", ""versao_app"": ""2.1""}"
1093;2026-01-01 23:00:00;C087;Eletrônicos;154.53;BA;Cancelado;"{""sistema"": ""Web"", ""versao_app"": ""N/A""}"
1094;2026-01-01 23:15:00;C062;Livros;184.13;PR;Concluído;"{""sistema"": ""Web"", ""versao_app"": ""N/A""}"
1095;2026-01-01 23:30:00;C040;Moda;24.84;RJ;Cancelado;"{""sistema"": ""iOS"", ""versao_app"": ""2.2""}"
1096;2026-01-01 23:45:00;C085;Moda;95.21;MG;Cancelado;"{""sistema"": ""Web"", ""versao_app"": ""N/A""}"
1097;2026-01-02 00:00:00;C080;Esportes;377.08;PE;Cancelado;"{""sistema"": ""Web"", ""versao_app"": ""N/A""}"
1098;2026-01-02 00:15:00;C082;Casa;56.87;BA;Concluído;"{""sistema"": ""iOS"", ""versao_app"": ""2.2""}"
1099;2026-01-02 00:30:00;C053;Eletrônicos;211.6;SP;Concluído;"{""sistema"": ""iOS"", ""versao_app"": ""2.2""}"
1100;2026-01-02 00:45:00;C024;Esportes;80.58;RJ;Pendente;"{""sistema"": ""Web"", ""versao_app"": ""N/A""}"
1101;2026-01-02 01:00:00;C026;Casa;23.05;PR;Concluído;"{""sistema"": ""Android"", ""versao_app"": ""2.1""}"
1102;2026-01-02 01:15:00;C089;Moda;89.0;BA;Concluído;"{""sistema"": ""Web"", ""versao_app"": ""N/A""}"
1103;2026-01-02 01:30:00;C060;Eletrônicos;951.11;PE;Pendente;"{""sistema"": ""Web"", ""versao_app"": ""N/A""}"
1104;2026-01-02 01:45:00;C041;Livros;424.29;PR;Pendente;"{""sistema"": ""Android"", ""versao_app"": ""2.1""}"
1105;2026-01-02 02:00:00;C029;Casa;822.09;SP;Cancelado;"{""sistema"": ""Android"", ""versao_app"": ""2.1""}"
1106;2026-01-02 02:15:00;C015;Moda;187.29;SP;Pendente;"{""sistema"": ""iOS"", ""versao_app"": ""2.2""}"
1107;2026-01-02 02:30:00;C045;Livros;49.06;PE;Concluído;"{""sistema"": ""iOS"", ""versao_app"": ""2.2""}"
1108;2026-01-02 02:45:00;C065;Livros;218.5;RJ;Concluído;"{""sistema"": ""Web"", ""versao_app"": ""N/A""}"
1109;2026-01-02 03:00:00;C089;Eletrônicos;171.46;PE;Pendente;"{""sistema"": ""Android"", ""versao_app"": ""2.1""}"
1110;2026-01-02 03:15:00;C071;Moda;485.05;RS;Concluído;"{""sistema"": ""iOS"", ""versao_app"": ""2.2""}"
1111;2026-01-02 03:30:00;C009;Eletrônicos;45.81;SP;Concluído;"{""sistema"": ""Web"", ""versao_app"": ""N/A""}"
1112;2026-01-02 03:45:00;C088;Casa;187.48;BA;Concluído;"{""sistema"": ""Android"", ""versao_app"": ""2.1""}"
1113;2026-01-02 04:00:00;C001;Eletrônicos;60.64;RS;Concluído;"{""sistema"": ""Web"", ""versao_app"": ""N/A""}"
1114;2026-01-02 04:15:00;C008;Casa;118.14;MG;Cancelado;"{""sistema"": ""iOS"", ""versao_app"": ""2.2""}"
1115;2026-01-02 04:30:00;C088;Livros;354.24;PR;Concluído;"{""sistema"": ""iOS"", ""versao_app"": ""2.2""}"
1116;2026-01-02 04:45:00;C063;Livros;181.57;RS;Cancelado;"{""sistema"": ""Android"", ""versao_app"": ""2.1""}"
1117;2026-01-02 05:00:00;C011;Moda;137.86;PR;Cancelado;"{""sistema"": ""Web"", ""versao_app"": ""N/A""}"
1118;2026-01-02 05:15:00;C081;Livros;145.42;PE;Concluído;"{""sistema"": ""Android"", ""versao_app"": ""2.1""}"
1119;2026-01-02 05:30:00;C008;Eletrônicos;173.79;RS;Concluído;"{""sistema"": ""iOS"", ""versao_app"": ""2.2""}"
1120;2026-01-02 05:45:00;C035;Livros;404.3;PE;Concluído;"{""sistema"": ""iOS"", ""versao_app"": ""2.2""}"
1121;2026-01-02 06:00:00;C035;Eletrônicos;576.6;MG;Concluído;"{""sistema"": ""Web"", ""versao_app"": ""N/A""}"
1122;2026-01-02 06:15:00;C033;Moda;797.14;SP;Concluído;"{""sistema"": ""Web"", ""versao_app"": ""N/A""}"
1123;2026-01-02 06:30:00;C005;Livros;406.5;MG;Concluído;"{""sistema"": ""Web"", ""versao_app"": ""N/A""}"
1124;2026-01-02 06:45:00;C041;Eletrônicos;114.73;SP;Concluído;"{""sistema"": ""Android"", ""versao_app"": ""2.1""}"
1125;2026-01-02 07:00:00;C028;Eletrônicos;311.3;PE;Concluído;"{""sistema"": ""Web"", ""versao_app"": ""N/A""}"
1126;2026-01-02 07:15:00;C007;Casa;163.89;SP;Cancelado;"{""sistema"": ""Web"", ""versao_app"": ""N/A""}"
1127;2026-01-02 07:30:00;C073;Casa;93.48;PR;Cancelado;"{""sistema"": ""iOS"", ""versao_app"": ""2.2""}"
1128;2026-01-02 07:45:00;C072;Casa;479.51;BA;Concluído;"{""sistema"": ""iOS"", ""versao_app"": ""2.2""}"
1129;2026-01-02 08:00:00;C012;Casa;29.8;MG;Pendente;"{""sistema"": ""Web"", ""versao_app"": ""N/A""}"
1130;2026-01-02 08:15:00;C034;Moda;600.09;RS;Concluído;"{""sistema"": ""Web"", ""versao_app"": ""N/A""}"
1131;2026-01-02 08:30:00;C033;Moda;174.73;MG;Cancelado;"{""sistema"": ""iOS"", ""versao_app"": ""2.2""}"
1132;2026-01-02 08:45:00;C048;Moda;273.48;PR;Concluído;"{""sistema"": ""Web"", ""versao_app"": ""N/A""}"
1133;2026-01-02 09:00:00;C023;Eletrônicos;289.23;SP;Concluído;"{""sistema"": ""Android"", ""versao_app"": ""2.1""}"
1134;2026-01-02 09:15:00;C062;Esportes;583.73;PR;Concluído;"{""sistema"": ""Android"", ""versao_app"": ""2.1""}"
1135;2026-01-02 09:30:00;C088;Casa;273.11;RJ;Pendente;"{""sistema"": ""Android"", ""versao_app"": ""2.1""}"
1136;2026-01-02 09:45:00;C037;Moda;257.94;RJ;Pendente;"{""sistema"": ""Web"", ""versao_app"": ""N/A""}"
1137;2026-01-02 10:00:00;C099;Moda;;RS;Concluído;"{""sistema"": ""iOS"", ""versao_app"": ""2.2""}"
1138;2026-01-02 10:15:00;C044;Esportes;202.66;PR;Cancelado;"{""sistema"": ""Web"", ""versao_app"": ""N/A""}"
1139;2026-01-02 10:30:00;C086;Eletrônicos;60.68;PE;Concluído;"{""sistema"": ""Web"", ""versao_app"": ""N/A""}"
1140;2026-01-02 10:45:00;C091;Casa;354.31;RS;Concluído;"{""sistema"": ""iOS"", ""versao_app"": ""2.2""}"
1141;2026-01-02 11:00:00;C035;Moda;199.47;PE;Pendente;"{""sistema"": ""iOS"", ""versao_app"": ""2.2""}"
1142;2026-01-02 11:15:00;C065;Casa;305.04;RS;Concluído;"{""sistema"": ""iOS"", ""versao_app"": ""2.2""}"
1143;2026-01-02 11:30:00;C099;Eletrônicos;30.64;RJ;Cancelado;"{""sistema"": ""Android"", ""versao_app"": ""2.1""}"
1144;2026-01-02 11:45:00;C047;Livros;42.15;RS;Pendente;"{""sistema"": ""Web"", ""versao_app"": ""N/A""}"
1145;2026-01-02 12:00:00;C078;Esportes;334.98;RJ;Concluído;"{""sistema"": ""iOS"", ""versao_app"": ""2.2""}"
1146;2026-01-02 12:15:00;C003;Casa;38.7;SP;Cancelado;"{""sistema"": ""Web"", ""versao_app"": ""N/A""}"
1147;2026-01-02 12:30:00;C001;Casa;38.48;PE;Concluído;"{""sistema"": ""Android"", ""versao_app"": ""2.1""}"
1148;2026-01-02 12:45:00;C005;Esportes;23.05;PR;Cancelado;"{""sistema"": ""Android"", ""versao_app"": ""2.1""}"
1149;2026-01-02 13:00:00;C090;Casa;803.76;RS;Pendente;"{""sistema"": ""iOS"", ""versao_app"": ""2.2""}"
1150;2026-01-02 13:15:00;C014;Eletrônicos;354.38;RJ;Concluído;"{""sistema"": ""iOS"", ""versao_app"": ""2.2""}"
1151;2026-01-02 13:30:00;C027;Casa;128.95;MG;Concluído;"{""sistema"": ""Web"", ""versao_app"": ""N/A""}"
1152;2026-01-02 13:45:00;C009;Casa;107.93;PE;Concluído;"{""sistema"": ""iOS"", ""versao_app"": ""2.2""}"
1153;2026-01-02 14:00:00;C079;Moda;;RS;Pendente;"{""sistema"": ""Web"", ""versao_app"": ""N/A""}"
1154;2026-01-02 14:15:00;C015;Casa;392.53;BA;Concluído;"{""sistema"": ""iOS"", ""versao_app"": ""2.2""}"
1155;2026-01-02 14:30:00;C090;Esportes;290.71;SP;Cancelado;"{""sistema"": ""Web"", ""versao_app"": ""N/A""}"
1156;2026-01-02 14:45:00;C042;Esportes;71.2;SP;Concluído;"{""sistema"": ""Web"", ""versao_app"": ""N/A""}"
1157;2026-01-02 15:00:00;C077;Moda;67.82;MG;Pendente;"{""sistema"": ""Web"", ""versao_app"": ""N/A""}"
1158;2026-01-02 15:15:00;C051;Eletrônicos;45.89;RJ;Pendente;"{""sistema"": ""Web"", ""versao_app"": ""N/A""}"
1159;2026-01-02 15:30:00;C063;Esportes;289.93;RS;Concluído;"{""sistema"": ""Android"", ""versao_app"": ""2.1""}"
1160;2026-01-02 15:45:00;C096;Livros;381.38;PE;Cancelado;"{""sistema"": ""Web"", ""versao_app"": ""N/A""}"
1161;2026-01-02 16:00:00;C052;Eletrônicos;96.99;RJ;Concluído;"{""sistema"": ""iOS"", ""versao_app"": ""2.2""}"
1162;2026-01-02 16:15:00;C096;Esportes;25.29;SP;Pendente;"{""sistema"": ""Android"", ""versao_app"": ""2.1""}"
1163;2026-01-02 16:30:00;C004;Livros;41.44;RJ;Pendente;"{""sistema"": ""Android"", ""versao_app"": ""2.1""}"
1164;2026-01-02 16:45:00;C094;Moda;879.41;SP;Concluído;"{""sistema"": ""Web"", ""versao_app"": ""N/A""}"
1165;2026-01-02 17:00:00;C023;Casa;107.55;RJ;Concluído;"{""sistema"": ""Android"", ""versao_app"": ""2.1""}"
1166;2026-01-02 17:15:00;C015;Moda;386.58;MG;Concluído;"{""sistema"": ""Web"", ""versao_app"": ""N/A""}"
1167;2026-01-02 17:30:00;C043;Eletrônicos;264.98;PR;Pendente;"{""sistema"": ""iOS"", ""versao_app"": ""2.2""}"
1168;2026-01-02 17:45:00;C029;Moda;140.29;MG;Concluído;"{""sistema"": ""Web"", ""versao_app"": ""N/A""}"
1169;2026-01-02 18:00:00;C036;Livros;77.57;MG;Concluído;"{""sistema"": ""Android"", ""versao_app"": ""2.1""}"
1170;2026-01-02 18:15:00;C013;Eletrônicos;52.35;PR;Cancelado;"{""sistema"": ""iOS"", ""versao_app"": ""2.2""}"
1171;2026-01-02 18:30:00;C032;Moda;258.64;PR;Concluído;"{""sistema"": ""Web"", ""versao_app"": ""N/A""}"
1172;2026-01-02 18:45:00;C071;Moda;392.51;RS;Cancelado;"{""sistema"": ""iOS"", ""versao_app"": ""2.2""}"
1173;2026-01-02 19:00:00;C059;Moda;278.14;PE;Concluído;"{""sistema"": ""iOS"", ""versao_app"": ""2.2""}"
1174;2026-01-02 19:15:00;C086;Esportes;208.92;PE;Concluído;"{""sistema"": ""Android"", ""versao_app"": ""2.1""}"
1175;2026-01-02 19:30:00;C028;Moda;30.71;RS;Concluído;"{""sistema"": ""iOS"", ""versao_app"": ""2.2""}"
1176;2026-01-02 19:45:00;C066;Moda;884.35;MG;Concluído;"{""sistema"": ""Android"", ""versao_app"": ""2.1""}"
1177;2026-01-02 20:00:00;C042;Casa;420.76;MG;Concluído;"{""sistema"": ""iOS"", ""versao_app"": ""2.2""}"
1178;2026-01-02 20:15:00;C045;Moda;106.62;SP;Cancelado;"{""sistema"": ""Web"", ""versao_app"": ""N/A""}"
1179;2026-01-02 20:30:00;C062;Eletrônicos;997.64;SP;Concluído;"{""sistema"": ""iOS"", ""versao_app"": ""2.2""}"
1180;2026-01-02 20:45:00;C057;Moda;250.25;PE;Concluído;"{""sistema"": ""Web"", ""versao_app"": ""N/A""}"
1181;2026-01-02 21:00:00;C006;Eletrônicos;238.32;RS;Concluído;"{""sistema"": ""Web"", ""versao_app"": ""N/A""}"
1182;2026-01-02 21:15:00;C028;Eletrônicos;364.65;BA;Concluído;"{""sistema"": ""iOS"", ""versao_app"": ""2.2""}"
1183;2026-01-02 21:30:00;C028;Moda;437.52;BA;Concluído;"{""sistema"": ""Web"", ""versao_app"": ""N/A""}"
1184;2026-01-02 21:45:00;C044;Moda;287.13;RS;Concluído;"{""sistema"": ""iOS"", ""versao_app"": ""2.2""}"
1185;2026-01-02 22:00:00;C084;Esportes;54.27;SP;Concluído;"{""sistema"": ""iOS"", ""versao_app"": ""2.2""}"
1186;2026-01-02 22:15:00;C030;Moda;123.22;PE;Pendente;"{""sistema"": ""Web"", ""versao_app"": ""N/A""}"
1187;2026-01-02 22:30:00;C062;Casa;678.06;PE;Concluído;"{""sistema"": ""Web"", ""versao_app"": ""N/A""}"
1188;2026-01-02 22:45:00;C075;Casa;83.6;SP;Pendente;"{""sistema"": ""Android"", ""versao_app"": ""2.1""}"
1189;2026-01-02 23:00:00;C092;Eletrônicos;136.37;BA;Cancelado;"{""sistema"": ""Web"", ""versao_app"": ""N/A""}"
1190;2026-01-02 23:15:00;C089;Casa;161.44;RJ;Pendente;"{""sistema"": ""Android"", ""versao_app"": ""2.1""}"
1191;2026-01-02 23:30:00;C062;Eletrônicos;164.69;RJ;Concluído;"{""sistema"": ""Web"", ""versao_app"": ""N/A""}"
1192;2026-01-02 23:45:00;C097;Esportes;257.29;SP;Pendente;"{""sistema"": ""iOS"", ""versao_app"": ""2.2""}"
1193;2026-01-03 00:00:00;C001;Eletrônicos;736.51;RJ;Concluído;"{""sistema"": ""Web"", ""versao_app"": ""N/A""}"
1194;2026-01-03 00:15:00;C027;Moda;88.84;PR;Cancelado;"{""sistema"": ""iOS"", ""versao_app"": ""2.2""}"
1195;2026-01-03 00:30:00;C062;Eletrônicos;52.39;RS;Concluído;"{""sistema"": ""iOS"", ""versao_app"": ""2.2""}"
1196;2026-01-03 00:45:00;C077;Esportes;75.0;RS;Pendente;"{""sistema"": ""iOS"", ""versao_app"": ""2.2""}"
1197;2026-01-03 01:00:00;C003;Moda;564.93;SP;Cancelado;"{""sistema"": ""Android"", ""versao_app"": ""2.1""}"
1198;2026-01-03 01:15:00;C070;Casa;279.48;MG;Cancelado;"{""sistema"": ""Web"", ""versao_app"": ""N/A""}"
1199;2026-01-03 01:30:00;C072;Eletrônicos;104.19;BA;Concluído;"{""sistema"": ""iOS"", ""versao_app"": ""2.2""}"
1200;2026-01-03 01:45:00;C027;Casa;443.13;SP;Pendente;"{""sistema"": ""iOS"", ""versao_app"": ""2.2""}"
1201;2026-01-03 02:00:00;C009;Eletrônicos;513.99;RJ;Cancelado;"{""sistema"": ""Android"", ""versao_app"": ""2.1""}"
1202;2026-01-03 02:15:00;C062;Livros;488.54;BA;Cancelado;"{""sistema"": ""Web"", ""versao_app"": ""N/A""}"
1203;2026-01-03 02:30:00;C037;Eletrônicos;648.1;MG;Concluído;"{""sistema"": ""Web"", ""versao_app"": ""N/A""}"
1204;2026-01-03 02:45:00;C097;Eletrônicos;92.67;RJ;Cancelado;"{""sistema"": ""Android"", ""versao_app"": ""2.1""}"
1205;2026-01-03 03:00:00;C051;Eletrônicos;371.67;PE;Concluído;"{""sistema"": ""Android"", ""versao_app"": ""2.1""}"
1206;2026-01-03 03:15:00;C044;Moda;174.3;PR;Pendente;"{""sistema"": ""Web"", ""versao_app"": ""N/A""}"
1207;2026-01-03 03:30:00;C024;Casa;481.29;RJ;Pendente;"{""sistema"": ""Android"", ""versao_app"": ""2.1""}"
1208;2026-01-03 03:45:00;C079;Eletrônicos;345.94;PR;Pendente;"{""sistema"": ""Web"", ""versao_app"": ""N/A""}"
1209;2026-01-03 04:00:00;C059;Livros;394.53;BA;Concluído;"{""sistema"": ""Web"", ""versao_app"": ""N/A""}"
1210;2026-01-03 04:15:00;C032;Moda;286.9;PR;Pendente;"{""sistema"": ""iOS"", ""versao_app"": ""2.2""}"
1211;2026-01-03 04:30:00;C096;Moda;68.83;BA;Cancelado;"{""sistema"": ""iOS"", ""versao_app"": ""2.2""}"
1212;2026-01-03 04:45:00;C088;Moda;216.88;BA;Concluído;"{""sistema"": ""Web"", ""versao_app"": ""N/A""}"
1213;2026-01-03 05:00:00;C052;Moda;1064.48;BA;Concluído;"{""sistema"": ""Web"", ""versao_app"": ""N/A""}"
1214;2026-01-03 05:15:00;C062;Casa;712.7;BA;Concluído;"{""sistema"": ""Web"", ""versao_app"": ""N/A""}"
1215;2026-01-03 05:30:00;C058;Eletrônicos;31.03;BA;Pendente;"{""sistema"": ""Web"", ""versao_app"": ""N/A""}"
1216;2026-01-03 05:45:00;C052;Eletrônicos;65.03;RJ;Pendente;"{""sistema"": ""Web"", ""versao_app"": ""N/A""}"
1217;2026-01-03 06:00:00;C012;Livros;55.31;BA;Concluído;"{""sistema"": ""Web"", ""versao_app"": ""N/A""}"
1218;2026-01-03 06:15:00;C039;Esportes;343.64;RJ;Concluído;"{""sistema"": ""Android"", ""versao_app"": ""2.1""}"
1219;2026-01-03 06:30:00;C002;Moda;445.64;BA;Concluído;"{""sistema"": ""Web"", ""versao_app"": ""N/A""}"
1220;2026-01-03 06:45:00;C003;Moda;80.04;PR;Concluído;"{""sistema"": ""Android"", ""versao_app"": ""2.1""}"
1221;2026-01-03 07:00:00;C056;Casa;196.23;PE;Pendente;"{""sistema"": ""Android"", ""versao_app"": ""2.1""}"
1222;2026-01-03 07:15:00;C081;Moda;479.25;BA;Concluído;"{""sistema"": ""Web"", ""versao_app"": ""N/A""}"
1223;2026-01-03 07:30:00;C059;Eletrônicos;349.94;MG;Cancelado;"{""sistema"": ""Web"", ""versao_app"": ""N/A""}"
1224;2026-01-03 07:45:00;C002;Eletrônicos;215.35;BA;Cancelado;"{""sistema"": ""Android"", ""versao_app"": ""2.1""}"
1225;2026-01-03 08:00:00;C002;Casa;;BA;Concluído;"{""sistema"": ""Android"", ""versao_app"": ""2.1""}"
1226;2026-01-03 08:15:00;C092;Casa;197.5;PR;Pendente;"{""sistema"": ""Web"", ""versao_app"": ""N/A""}"
1227;2026-01-03 08:30:00;C054;Eletrônicos;108.29;RS;Concluído;"{""sistema"": ""Web"", ""versao_app"": ""N/A""}"
1228;2026-01-03 08:45:00;C087;Eletrônicos;228.11;PR;Pendente;"{""sistema"": ""Android"", ""versao_app"": ""2.1""}"
1229;2026-01-03 09:00:00;C096;Eletrônicos;311.9;MG;Concluído;"{""sistema"": ""Android"", ""versao_app"": ""2.1""}"
1230;2026-01-03 09:15:00;C097;Casa;536.53;RS;Concluído;"{""sistema"": ""Android"", ""versao_app"": ""2.1""}"
1231;2026-01-03 09:30:00;C001;Eletrônicos;272.85;SP;Pendente;"{""sistema"": ""iOS"", ""versao_app"": ""2.2""}"
1232;2026-01-03 09:45:00;C019;Eletrônicos;377.95;SP;Concluído;"{""sistema"": ""Android"", ""versao_app"": ""2.1""}"
1233;2026-01-03 10:00:00;C002;Livros;63.61;MG;Concluído;"{""sistema"": ""iOS"", ""versao_app"": ""2.2""}"
1234;2026-01-03 10:15:00;C053;Eletrônicos;174.77;PR;Pendente;"{""sistema"": ""Web"", ""versao_app"": ""N/A""}"
1235;2026-01-03 10:30:00;C044;Casa;22.34;RJ;Pendente;"{""sistema"": ""Web"", ""versao_app"": ""N/A""}"
1236;2026-01-03 10:45:00;C090;Eletrônicos;90.82;MG;Concluído;"{""sistema"": ""Android"", ""versao_app"": ""2.1""}"
1237;2026-01-03 11:00:00;C032;Eletrônicos;344.08;PE;Concluído;"{""sistema"": ""Web"", ""versao_app"": ""N/A""}"
1238;2026-01-03 11:15:00;C070;Eletrônicos;1221.21;RS;Cancelado;"{""sistema"": ""Web"", ""versao_app"": ""N/A""}"
1239;2026-01-03 11:30:00;C032;Casa;46.11;RS;Concluído;"{""sistema"": ""Web"", ""versao_app"": ""N/A""}"
1240;2026-01-03 11:45:00;C068;Livros;148.33;BA;Concluído;"{""sistema"": ""Web"", ""versao_app"": ""N/A""}"
1241;2026-01-03 12:00:00;C055;Livros;422.45;SP;Pendente;"{""sistema"": ""iOS"", ""versao_app"": ""2.2""}"
1242;2026-01-03 12:15:00;C075;Moda;77.05;RS;Concluído;"{""sistema"": ""iOS"", ""versao_app"": ""2.2""}"
1243;2026-01-03 12:30:00;C056;Casa;222.47;MG;Concluído;"{""sistema"": ""Android"", ""versao_app"": ""2.1""}"
1244;2026-01-03 12:45:00;C017;Eletrônicos;350.19;RS;Cancelado;"{""sistema"": ""Android"", ""versao_app"": ""2.1""}"
1245;2026-01-03 13:00:00;C038;Moda;259.27;MG;Pendente;"{""sistema"": ""Android"", ""versao_app"": ""2.1""}"
1246;2026-01-03 13:15:00;C024;Livros;72.07;RJ;Concluído;"{""sistema"": ""Web"", ""versao_app"": ""N/A""}"
1247;2026-01-03 13:30:00;C069;Eletrônicos;129.78;BA;Concluído;"{""sistema"": ""Web"", ""versao_app"": ""N/A""}"
1248;2026-01-03 13:45:00;C098;Eletrônicos;402.88;SP;Concluído;"{""sistema"": ""iOS"", ""versao_app"": ""2.2""}"
1249;2026-01-03 14:00:00;C070;Eletrônicos;221.99;RS;Cancelado;"{""sistema"": ""iOS"", ""versao_app"": ""2.2""}"
1250;2026-01-03 14:15:00;C086;Eletrônicos;21.31;MG;Concluído;"{""sistema"": ""Android"", ""versao_app"": ""2.1""}"
1251;2026-01-03 14:30:00;C011;Eletrônicos;377.81;PR;Concluído;"{""sistema"": ""iOS"", ""versao_app"": ""2.2""}"
1252;2026-01-03 14:45:00;C016;Casa;28.99;SP;Concluído;"{""sistema"": ""iOS"", ""versao_app"": ""2.2""}"
1253;2026-01-03 15:00:00;C097;Moda;362.34;RJ;Concluído;"{""sistema"": ""iOS"", ""versao_app"": ""2.2""}"
1254;2026-01-03 15:15:00;C073;Livros;76.56;MG;Pendente;"{""sistema"": ""iOS"", ""versao_app"": ""2.2""}"
1255;2026-01-03 15:30:00;C059;Livros;812.96;PE;Pendente;"{""sistema"": ""iOS"", ""versao_app"": ""2.2""}"
1256;2026-01-03 15:45:00;C070;Moda;134.69;PE;Pendente;"{""sistema"": ""Android"", ""versao_app"": ""2.1""}"
1257;2026-01-03 16:00:00;C080;Moda;118.98;BA;Concluído;"{""sistema"": ""Android"", ""versao_app"": ""2.1""}"
1258;2026-01-03 16:15:00;C093;Moda;60.3;BA;Concluído;"{""sistema"": ""iOS"", ""versao_app"": ""2.2""}"
1259;2026-01-03 16:30:00;C003;Casa;111.18;RJ;Concluído;"{""sistema"": ""Android"", ""versao_app"": ""2.1""}"
1260;2026-01-03 16:45:00;C020;Moda;543.18;RJ;Cancelado;"{""sistema"": ""Web"", ""versao_app"": ""N/A""}"
1261;2026-01-03 17:00:00;C059;Casa;1422.19;BA;Pendente;"{""sistema"": ""iOS"", ""versao_app"": ""2.2""}"
1262;2026-01-03 17:15:00;C036;Moda;134.84;RS;Pendente;"{""sistema"": ""Web"", ""versao_app"": ""N/A""}"
1263;2026-01-03 17:30:00;C019;Casa;168.83;RS;Concluído;"{""sistema"": ""Android"", ""versao_app"": ""2.1""}"
1264;2026-01-03 17:45:00;C090;Moda;340.1;MG;Concluído;"{""sistema"": ""Android"", ""versao_app"": ""2.1""}"
1265;2026-01-03 18:00:00;C067;Moda;563.32;PR;Concluído;"{""sistema"": ""Web"", ""versao_app"": ""N/A""}"
1266;2026-01-03 18:15:00;C019;Esportes;244.76;MG;Concluído;"{""sistema"": ""Android"", ""versao_app"": ""2.1""}"
1267;2026-01-03 18:30:00;C020;Livros;144.2;PR;Pendente;"{""sistema"": ""iOS"", ""versao_app"": ""2.2""}"
1268;2026-01-03 18:45:00;C096;Eletrônicos;153.02;RJ;Concluído;"{""sistema"": ""Web"", ""versao_app"": ""N/A""}"
1269;2026-01-03 19:00:00;C071;Livros;317.37;SP;Concluído;"{""sistema"": ""iOS"", ""versao_app"": ""2.2""}"
1270;2026-01-03 19:15:00;C052;Moda;20.81;MG;Cancelado;"{""sistema"": ""Web"", ""versao_app"": ""N/A""}"
1271;2026-01-03 19:30:00;C033;Livros;261.63;MG;Concluído;"{""sistema"": ""Android"", ""versao_app"": ""2.1""}"
1272;2026-01-03 19:45:00;C040;Livros;129.82;PR;Concluído;"{""sistema"": ""Web"", ""versao_app"": ""N/A""}"
1273;2026-01-03 20:00:00;C039;Moda;415.21;RJ;Concluído;"{""sistema"": ""Web"", ""versao_app"": ""N/A""}"
1274;2026-01-03 20:15:00;C082;Eletrônicos;44.4;RJ;Cancelado;"{""sistema"": ""iOS"", ""versao_app"": ""2.2""}"
1275;2026-01-03 20:30:00;C001;Moda;241.81;PE;Pendente;"{""sistema"": ""Android"", ""versao_app"": ""2.1""}"
1276;2026-01-03 20:45:00;C011;Moda;183.95;PR;Concluído;"{""sistema"": ""iOS"", ""versao_app"": ""2.2""}"
1277;2026-01-03 21:00:00;C092;Casa;277.03;RJ;Pendente;"{""sistema"": ""Android"", ""versao_app"": ""2.1""}"
1278;2026-01-03 21:15:00;C057;Moda;36.76;BA;Concluído;"{""sistema"": ""iOS"", ""versao_app"": ""2.2""}"
1279;2026-01-03 21:30:00;C089;Eletrônicos;236.87;RS;Pendente;"{""sistema"": ""Web"", ""versao_app"": ""N/A""}"
1280;2026-01-03 21:45:00;C050;Livros;226.09;PE;Cancelado;"{""sistema"": ""iOS"", ""versao_app"": ""2.2""}"
1281;2026-01-03 22:00:00;C023;Esportes;225.62;BA;Concluído;"{""sistema"": ""Android"", ""versao_app"": ""2.1""}"
1282;2026-01-03 22:15:00;C031;Moda;251.26;SP;Cancelado;"{""sistema"": ""Android"", ""versao_app"": ""2.1""}"
1283;2026-01-03 22:30:00;C094;Eletrônicos;302.11;MG;Concluído;"{""sistema"": ""Web"", ""versao_app"": ""N/A""}"
1284;2026-01-03 22:45:00;C042;Moda;428.67;PE;Concluído;"{""sistema"": ""Android"", ""versao_app"": ""2.1""}"
1285;2026-01-03 23:00:00;C099;Eletrônicos;98.62;SP;Cancelado;"{""sistema"": ""iOS"", ""versao_app"": ""2.2""}"
1286;2026-01-03 23:15:00;C007;Esportes;455.81;MG;Concluído;"{""sistema"": ""Web"", ""versao_app"": ""N/A""}"
1287;2026-01-03 23:30:00;C016;Eletrônicos;192.42;RS;Concluído;"{""sistema"": ""Android"", ""versao_app"": ""2.1""}"
1288;2026-01-03 23:45:00;C090;Casa;;RJ;Concluído;"{""sistema"": ""Android"", ""versao_app"": ""2.1""}"
1289;2026-01-04 00:00:00;C060;Moda;35.08;BA;Pendente;"{""sistema"": ""iOS"", ""versao_app"": ""2.2""}"
1290;2026-01-04 00:15:00;C002;Casa;;PR;Concluído;"{""sistema"": ""iOS"", ""versao_app"": ""2.2""}"
1291;2026-01-04 00:30:00;C001;Casa;404.16;BA;Concluído;"{""sistema"": ""Web"", ""versao_app"": ""N/A""}"
1292;2026-01-04 00:45:00;C048;Livros;327.48;RS;Concluído;"{""sistema"": ""Android"", ""versao_app"": ""2.1""}"
1293;2026-01-04 01:00:00;C012;Eletrônicos;408.52;SP;Concluído;"{""sistema"": ""iOS"", ""versao_app"": ""2.2""}"
1294;2026-01-04 01:15:00;C069;Eletrônicos;202.07;PR;Pendente;"{""sistema"": ""Web"", ""versao_app"": ""N/A""}"
1295;2026-01-04 01:30:00;C037;Eletrônicos;165.04;RJ;Cancelado;"{""sistema"": ""Android"", ""versao_app"": ""2.1""}"
1296;2026-01-04 01:45:00;C032;Esportes;59.88;RS;Pendente;"{""sistema"": ""Android"", ""versao_app"": ""2.1""}"
1297;2026-01-04 02:00:00;C009;Livros;119.45;PR;Concluído;"{""sistema"": ""Web"", ""versao_app"": ""N/A""}"
1298;2026-01-04 02:15:00;C099;Casa;162.3;RS;Concluído;"{""sistema"": ""Web"", ""versao_app"": ""N/A""}"
1299;2026-01-04 02:30:00;C019;Casa;43.19;RS;Concluído;"{""sistema"": ""iOS"", ""versao_app"": ""2.2""}"
1300;2026-01-04 02:45:00;C048;Casa;82.31;RJ;Concluído;"{""sistema"": ""Android"", ""versao_app"": ""2.1""}"
1301;2026-01-04 03:00:00;C080;Eletrônicos;247.97;PE;Concluído;"{""sistema"": ""Android"", ""versao_app"": ""2.1""}"
1302;2026-01-04 03:15:00;C003;Esportes;352.63;MG;Concluído;"{""sistema"": ""Android"", ""versao_app"": ""2.1""}"
1303;2026-01-04 03:30:00;C020;Moda;1621.37;PR;Concluído;"{""sistema"": ""Web"", ""versao_app"": ""N/A""}"
1304;2026-01-04 03:45:00;C024;Moda;696.19;RJ;Cancelado;"{""sistema"": ""iOS"", ""versao_app"": ""2.2""}"
1305;2026-01-04 04:00:00;C054;Moda;277.2;RS;Concluído;"{""sistema"": ""Android"", ""versao_app"": ""2.1""}"
1306;2026-01-04 04:15:00;C033;Eletrônicos;156.72;RJ;Cancelado;"{""sistema"": ""Web"", ""versao_app"": ""N/A""}"
1307;2026-01-04 04:30:00;C024;Eletrônicos;272.77;PE;Concluído;"{""sistema"": ""Android"", ""versao_app"": ""2.1""}"
1308;2026-01-04 04:45:00;C075;Casa;405.04;MG;Concluído;"{""sistema"": ""iOS"", ""versao_app"": ""2.2""}"
1309;2026-01-04 05:00:00;C072;Eletrônicos;51.49;BA;Pendente;"{""sistema"": ""Android"", ""versao_app"": ""2.1""}"
1310;2026-01-04 05:15:00;C036;Casa;151.87;PR;Concluído;"{""sistema"": ""iOS"", ""versao_app"": ""2.2""}"
1311;2026-01-04 05:30:00;C038;Eletrônicos;477.84;MG;Cancelado;"{""sistema"": ""iOS"", ""versao_app"": ""2.2""}"
1312;2026-01-04 05:45:00;C084;Moda;141.06;SP;Concluído;"{""sistema"": ""Android"", ""versao_app"": ""2.1""}"
1313;2026-01-04 06:00:00;C099;Moda;232.08;PR;Concluído;"{""sistema"": ""Android"", ""versao_app"": ""2.1""}"
1314;2026-01-04 06:15:00;C089;Moda;241.54;MG;Concluído;"{""sistema"": ""iOS"", ""versao_app"": ""2.2""}"
1315;2026-01-04 06:30:00;C099;Casa;70.98;RS;Concluído;"{""sistema"": ""Web"", ""versao_app"": ""N/A""}"
1316;2026-01-04 06:45:00;C025;Moda;132.45;PR;Cancelado;"{""sistema"": ""iOS"", ""versao_app"": ""2.2""}"
1317;2026-01-04 07:00:00;C093;Casa;121.81;PR;Cancelado;"{""sistema"": ""Android"", ""versao_app"": ""2.1""}"
1318;2026-01-04 07:15:00;C018;Moda;26.64;RJ;Concluído;"{""sistema"": ""Android"", ""versao_app"": ""2.1""}"
1319;2026-01-04 07:30:00;C082;Casa;26.12;RS;Cancelado;"{""sistema"": ""Web"", ""versao_app"": ""N/A""}"
1320;2026-01-04 07:45:00;C066;Esportes;;SP;Concluído;"{""sistema"": ""iOS"", ""versao_app"": ""2.2""}"
1321;2026-01-04 08:00:00;C054;Casa;99.73;BA;Pendente;"{""sistema"": ""iOS"", ""versao_app"": ""2.2""}"
1322;2026-01-04 08:15:00;C035;Eletrônicos;202.49;PE;Pendente;"{""sistema"": ""iOS"", ""versao_app"": ""2.2""}"
1323;2026-01-04 08:30:00;C080;Eletrônicos;108.71;MG;Concluído;"{""sistema"": ""Android"", ""versao_app"": ""2.1""}"
1324;2026-01-04 08:45:00;C061;Moda;726.2;RJ;Pendente;"{""sistema"": ""iOS"", ""versao_app"": ""2.2""}"
1325;2026-01-04 09:00:00;C041;Casa;95.04;MG;Concluído;"{""sistema"": ""Web"", ""versao_app"": ""N/A""}"
1326;2026-01-04 09:15:00;C100;Eletrônicos;160.38;SP;Concluído;"{""sistema"": ""Android"", ""versao_app"": ""2.1""}"
1327;2026-01-04 09:30:00;C033;Moda;535.36;SP;Cancelado;"{""sistema"": ""Android"", ""versao_app"": ""2.1""}"
1328;2026-01-04 09:45:00;C068;Casa;481.18;PR;Concluído;"{""sistema"": ""iOS"", ""versao_app"": ""2.2""}"
1329;2026-01-04 10:00:00;C033;Moda;71.48;PE;Concluído;"{""sistema"": ""Web"", ""versao_app"": ""N/A""}"
1330;2026-01-04 10:15:00;C014;Livros;425.69;SP;Cancelado;"{""sistema"": ""Android"", ""versao_app"": ""2.1""}"
1331;2026-01-04 10:30:00;C021;Eletrônicos;173.21;MG;Concluído;"{""sistema"": ""Android"", ""versao_app"": ""2.1""}"
1332;2026-01-04 10:45:00;C048;Eletrônicos;;RS;Cancelado;"{""sistema"": ""iOS"", ""versao_app"": ""2.2""}"
1333;2026-01-04 11:00:00;C020;Casa;55.82;RS;Pendente;"{""sistema"": ""iOS"", ""versao_app"": ""2.2""}"
1334;2026-01-04 11:15:00;C008;Moda;41.01;PR;Concluído;"{""sistema"": ""Web"", ""versao_app"": ""N/A""}"
1335;2026-01-04 11:30:00;C007;Casa;345.43;BA;Concluído;"{""sistema"": ""iOS"", ""versao_app"": ""2.2""}"
1336;2026-01-04 11:45:00;C067;Moda;191.52;MG;Cancelado;"{""sistema"": ""Web"", ""versao_app"": ""N/A""}"
1337;2026-01-04 12:00:00;C017;Eletrônicos;163.55;MG;Cancelado;"{""sistema"": ""Android"", ""versao_app"": ""2.1""}"
1338;2026-01-04 12:15:00;C033;Livros;346.88;SP;Concluído;"{""sistema"": ""Web"", ""versao_app"": ""N/A""}"
1339;2026-01-04 12:30:00;C048;Livros;382.59;PE;Pendente;"{""sistema"": ""Web"", ""versao_app"": ""N/A""}"
1340;2026-01-04 12:45:00;C076;Casa;63.26;MG;Concluído;"{""sistema"": ""Web"", ""versao_app"": ""N/A""}"
1341;2026-01-04 13:00:00;C059;Moda;255.55;RJ;Concluído;"{""sistema"": ""Android"", ""versao_app"": ""2.1""}"
1342;2026-01-04 13:15:00;C086;Casa;56.36;BA;Pendente;"{""sistema"": ""iOS"", ""versao_app"": ""2.2""}"
1343;2026-01-04 13:30:00;C022;Moda;367.95;SP;Concluído;"{""sistema"": ""Android"", ""versao_app"": ""2.1""}"
1344;2026-01-04 13:45:00;C030;Eletrônicos;287.47;RJ;Concluído;"{""sistema"": ""iOS"", ""versao_app"": ""2.2""}"
1345;2026-01-04 14:00:00;C038;Esportes;804.41;PR;Concluído;"{""sistema"": ""Web"", ""versao_app"": ""N/A""}"
1346;2026-01-04 14:15:00;C051;Eletrônicos;37.86;RS;Cancelado;"{""sistema"": ""Web"", ""versao_app"": ""N/A""}"
1347;2026-01-04 14:30:00;C054;Esportes;34.69;PR;Pendente;"{""sistema"": ""Web"", ""versao_app"": ""N/A""}"
1348;2026-01-04 14:45:00;C008;Moda;102.89;RS;Concluído;"{""sistema"": ""Web"", ""versao_app"": ""N/A""}"
1349;2026-01-04 15:00:00;C027;Eletrônicos;95.85;PR;Concluído;"{""sistema"": ""Web"", ""versao_app"": ""N/A""}"
1350;2026-01-04 15:15:00;C027;Moda;90.92;MG;Concluído;"{""sistema"": ""iOS"", ""versao_app"": ""2.2""}"
1351;2026-01-04 15:30:00;C098;Livros;611.79;RJ;Pendente;"{""sistema"": ""iOS"", ""versao_app"": ""2.2""}"
1352;2026-01-04 15:45:00;C021;Casa;91.77;RS;Cancelado;"{""sistema"": ""Web"", ""versao_app"": ""N/A""}"
1353;2026-01-04 16:00:00;C030;Livros;;SP;Cancelado;"{""sistema"": ""Android"", ""versao_app"": ""2.1""}"
1354;2026-01-04 16:15:00;C097;Casa;;RJ;Pendente;"{""sistema"": ""Android"", ""versao_app"": ""2.1""}"
1355;2026-01-04 16:30:00;C028;Casa;169.34;SP;Cancelado;"{""sistema"": ""Web"", ""versao_app"": ""N/A""}"
1356;2026-01-04 16:45:00;C064;Livros;394.82;RJ;Concluído;"{""sistema"": ""iOS"", ""versao_app"": ""2.2""}"
1357;2026-01-04 17:00:00;C097;Eletrônicos;36.9;RJ;Concluído;"{""sistema"": ""Android"", ""versao_app"": ""2.1""}"
1358;2026-01-04 17:15:00;C069;Moda;187.15;PR;Concluído;"{""sistema"": ""Android"", ""versao_app"": ""2.1""}"
1359;2026-01-04 17:30:00;C061;Eletrônicos;28.55;RS;Pendente;"{""sistema"": ""Android"", ""versao_app"": ""2.1""}"
1360;2026-01-04 17:45:00;C048;Esportes;36.18;RS;Concluído;"{""sistema"": ""Web"", ""versao_app"": ""N/A""}"
1361;2026-01-04 18:00:00;C019;Esportes;612.28;PE;Concluído;"{""sistema"": ""Android"", ""versao_app"": ""2.1""}"
1362;2026-01-04 18:15:00;C004;Eletrônicos;57.49;RJ;Concluído;"{""sistema"": ""Android"", ""versao_app"": ""2.1""}"
1363;2026-01-04 18:30:00;C035;Casa;210.05;MG;Concluído;"{""sistema"": ""Android"", ""versao_app"": ""2.1""}"
1364;2026-01-04 18:45:00;C064;Esportes;152.37;MG;Cancelado;"{""sistema"": ""Android"", ""versao_app"": ""2.1""}"
1365;2026-01-04 19:00:00;C049;Eletrônicos;126.68;SP;Concluído;"{""sistema"": ""iOS"", ""versao_app"": ""2.2""}"
1366;2026-01-04 19:15:00;C017;Casa;595.23;SP;Concluído;"{""sistema"": ""Web"", ""versao_app"": ""N/A""}"
1367;2026-01-04 19:30:00;C044;Esportes;25.52;PR;Concluído;"{""sistema"": ""Web"", ""versao_app"": ""N/A""}"
1368;2026-01-04 19:45:00;C092;Eletrônicos;292.5;RJ;Cancelado;"{""sistema"": ""iOS"", ""versao_app"": ""2.2""}"
1369;2026-01-04 20:00:00;C030;Casa;846.89;SP;Concluído;"{""sistema"": ""iOS"", ""versao_app"": ""2.2""}"
1370;2026-01-04 20:15:00;C093;Moda;225.34;SP;Concluído;"{""sistema"": ""Web"", ""versao_app"": ""N/A""}"
1371;2026-01-04 20:30:00;C046;Esportes;710.45;BA;Cancelado;"{""sistema"": ""Android"", ""versao_app"": ""2.1""}"
1372;2026-01-04 20:45:00;C006;Esportes;33.42;RJ;Pendente;"{""sistema"": ""Android"", ""versao_app"": ""2.1""}"
1373;2026-01-04 21:00:00;C099;Esportes;155.66;PR;Cancelado;"{""sistema"": ""Web"", ""versao_app"": ""N/A""}"
1374;2026-01-04 21:15:00;C037;Moda;95.33;SP;Concluído;"{""sistema"": ""Android"", ""versao_app"": ""2.1""}"
1375;2026-01-04 21:30:00;C024;Livros;348.09;PR;Pendente;"{""sistema"": ""iOS"", ""versao_app"": ""2.2""}"
1376;2026-01-04 21:45:00;C093;Livros;1014.77;RS;Concluído;"{""sistema"": ""Android"", ""versao_app"": ""2.1""}"
1377;2026-01-04 22:00:00;C046;Moda;94.11;PR;Cancelado;"{""sistema"": ""Android"", ""versao_app"": ""2.1""}"
1378;2026-01-04 22:15:00;C053;Livros;285.46;MG;Concluído;"{""sistema"": ""Android"", ""versao_app"": ""2.1""}"
1379;2026-01-04 22:30:00;C095;Eletrônicos;75.19;MG;Pendente;"{""sistema"": ""Web"", ""versao_app"": ""N/A""}"
1380;2026-01-04 22:45:00;C099;Casa;228.29;PR;Cancelado;"{""sistema"": ""iOS"", ""versao_app"": ""2.2""}"
1381;2026-01-04 23:00:00;C060;Eletrônicos;175.87;MG;Concluído;"{""sistema"": ""Android"", ""versao_app"": ""2.1""}"
1382;2026-01-04 23:15:00;C097;Eletrônicos;913.94;RS;Cancelado;"{""sistema"": ""Web"", ""versao_app"": ""N/A""}"
1383;2026-01-04 23:30:00;C063;Eletrônicos;254.46;RJ;Concluído;"{""sistema"": ""Android"", ""versao_app"": ""2.1""}"
1384;2026-01-04 23:45:00;C085;Casa;127.51;MG;Cancelado;"{""sistema"": ""iOS"", ""versao_app"": ""2.2""}"
1385;2026-01-05 00:00:00;C032;Moda;50.29;MG;Pendente;"{""sistema"": ""Android"", ""versao_app"": ""2.1""}"
1386;2026-01-05 00:15:00;C087;Casa;61.0;PR;Pendente;"{""sistema"": ""iOS"", ""versao_app"": ""2.2""}"
1387;2026-01-05 00:30:00;C033;Eletrônicos;83.83;RS;Cancelado;"{""sistema"": ""Android"", ""versao_app"": ""2.1""}"
1388;2026-01-05 00:45:00;C067;Moda;92.24;PE;Pendente;"{""sistema"": ""iOS"", ""versao_app"": ""2.2""}"
1389;2026-01-05 01:00:00;C018;Moda;495.31;PE;Concluído;"{""sistema"": ""Android"", ""versao_app"": ""2.1""}"
1390;2026-01-05 01:15:00;C025;Livros;225.94;PE;Cancelado;"{""sistema"": ""iOS"", ""versao_app"": ""2.2""}"
1391;2026-01-05 01:30:00;C095;Moda;205.26;PE;Concluído;"{""sistema"": ""Android"", ""versao_app"": ""2.1""}"
1392;2026-01-05 01:45:00;C054;Casa;50.48;RJ;Concluído;"{""sistema"": ""Android"", ""versao_app"": ""2.1""}"
1393;2026-01-05 02:00:00;C058;Livros;511.78;PR;Concluído;"{""sistema"": ""Web"", ""versao_app"": ""N/A""}"
1394;2026-01-05 02:15:00;C067;Casa;340.77;PR;Cancelado;"{""sistema"": ""Web"", ""versao_app"": ""N/A""}"
1395;2026-01-05 02:30:00;C046;Eletrônicos;37.52;BA;Pendente;"{""sistema"": ""iOS"", ""versao_app"": ""2.2""}"
1396;2026-01-05 02:45:00;C024;Eletrônicos;327.61;RS;Concluído;"{""sistema"": ""Android"", ""versao_app"": ""2.1""}"
1397;2026-01-05 03:00:00;C032;Livros;216.06;PE;Concluído;"{""sistema"": ""iOS"", ""versao_app"": ""2.2""}"
1398;2026-01-05 03:15:00;C047;Eletrônicos;41.31;RJ;Cancelado;"{""sistema"": ""Web"", ""versao_app"": ""N/A""}"
1399;2026-01-05 03:30:00;C086;Livros;173.26;RS;Cancelado;"{""sistema"": ""iOS"", ""versao_app"": ""2.2""}"
1400;2026-01-05 03:45:00;C023;Moda;185.75;PE;Concluído;"{""sistema"": ""iOS"", ""versao_app"": ""2.2""}"
1401;2026-01-05 04:00:00;C066;Esportes;65.31;RJ;Concluído;"{""sistema"": ""Web"", ""versao_app"": ""N/A""}"
1402;2026-01-05 04:15:00;C027;Livros;748.3;RS;Concluído;"{""sistema"": ""Android"", ""versao_app"": ""2.1""}"
1403;2026-01-05 04:30:00;C002;Esportes;494.24;PR;Concluído;"{""sistema"": ""iOS"", ""versao_app"": ""2.2""}"
1404;2026-01-05 04:45:00;C090;Moda;296.43;PR;Concluído;"{""sistema"": ""Web"", ""versao_app"": ""N/A""}"
1405;2026-01-05 05:00:00;C017;Livros;175.11;SP;Pendente;"{""sistema"": ""Android"", ""versao_app"": ""2.1""}"
1406;2026-01-05 05:15:00;C033;Moda;152.66;MG;Concluído;"{""sistema"": ""Web"", ""versao_app"": ""N/A""}"
1407;2026-01-05 05:30:00;C009;Moda;283.15;PE;Concluído;"{""sistema"": ""iOS"", ""versao_app"": ""2.2""}"
1408;2026-01-05 05:45:00;C043;Casa;217.1;BA;Pendente;"{""sistema"": ""Android"", ""versao_app"": ""2.1""}"
1409;2026-01-05 06:00:00;C048;Livros;36.07;RS;Concluído;"{""sistema"": ""Android"", ""versao_app"": ""2.1""}"
1410;2026-01-05 06:15:00;C039;Esportes;199.62;BA;Concluído;"{""sistema"": ""Web"", ""versao_app"": ""N/A""}"
1411;2026-01-05 06:30:00;C093;Livros;430.49;SP;Concluído;"{""sistema"": ""Web"", ""versao_app"": ""N/A""}"
1412;2026-01-05 06:45:00;C042;Moda;173.69;MG;Cancelado;"{""sistema"": ""Web"", ""versao_app"": ""N/A""}"
1413;2026-01-05 07:00:00;C026;Moda;33.34;RS;Concluído;"{""sistema"": ""Android"", ""versao_app"": ""2.1""}"
1414;2026-01-05 07:15:00;C099;Casa;405.77;RJ;Concluído;"{""sistema"": ""Android"", ""versao_app"": ""2.1""}"
1415;2026-01-05 07:30:00;C050;Eletrônicos;;PE;Pendente;"{""sistema"": ""iOS"", ""versao_app"": ""2.2""}"
1416;2026-01-05 07:45:00;C025;Eletrônicos;94.81;MG;Concluído;"{""sistema"": ""Android"", ""versao_app"": ""2.1""}"
1417;2026-01-05 08:00:00;C024;Moda;64.99;PR;Concluído;"{""sistema"": ""iOS"", ""versao_app"": ""2.2""}"
1418;2026-01-05 08:15:00;C013;Moda;120.2;SP;Cancelado;"{""sistema"": ""Web"", ""versao_app"": ""N/A""}"
1419;2026-01-05 08:30:00;C060;Moda;373.42;MG;Concluído;"{""sistema"": ""Web"", ""versao_app"": ""N/A""}"
1420;2026-01-05 08:45:00;C007;Eletrônicos;203.17;PE;Concluído;"{""sistema"": ""Android"", ""versao_app"": ""2.1""}"
1421;2026-01-05 09:00:00;C057;Eletrônicos;77.32;MG;Pendente;"{""sistema"": ""Web"", ""versao_app"": ""N/A""}"
1422;2026-01-05 09:15:00;C036;Eletrônicos;545.59;PE;Concluído;"{""sistema"": ""Web"", ""versao_app"": ""N/A""}"
1423;2026-01-05 09:30:00;C045;Esportes;549.2;PR;Pendente;"{""sistema"": ""Android"", ""versao_app"": ""2.1""}"
1424;2026-01-05 09:45:00;C020;Moda;531.17;RS;Concluído;"{""sistema"": ""iOS"", ""versao_app"": ""2.2""}"
1425;2026-01-05 10:00:00;C065;Moda;88.21;RJ;Cancelado;"{""sistema"": ""Android"", ""versao_app"": ""2.1""}"
1426;2026-01-05 10:15:00;C008;Casa;170.02;PR;Cancelado;"{""sistema"": ""iOS"", ""versao_app"": ""2.2""}"
1427;2026-01-05 10:30:00;C016;Eletrônicos;1069.75;RJ;Concluído;"{""sistema"": ""Android"", ""versao_app"": ""2.1""}"
1428;2026-01-05 10:45:00;C014;Esportes;389.62;RS;Cancelado;"{""sistema"": ""Android"", ""versao_app"": ""2.1""}"
1429;2026-01-05 11:00:00;C076;Livros;26.89;MG;Concluído;"{""sistema"": ""Web"", ""versao_app"": ""N/A""}"
1430;2026-01-05 11:15:00;C087;Eletrônicos;36.86;RJ;Concluído;"{""sistema"": ""Android"", ""versao_app"": ""2.1""}"
1431;2026-01-05 11:30:00;C015;Moda;175.87;SP;Concluído;"{""sistema"": ""Android"", ""versao_app"": ""2.1""}"
1432;2026-01-05 11:45:00;C092;Livros;619.83;SP;Cancelado;"{""sistema"": ""iOS"", ""versao_app"": ""2.2""}"
1433;2026-01-05 12:00:00;C098;Esportes;213.43;PE;Concluído;"{""sistema"": ""Web"", ""versao_app"": ""N/A""}"
1434;2026-01-05 12:15:00;C066;Moda;192.2;PR;Concluído;"{""sistema"": ""iOS"", ""versao_app"": ""2.2""}"
1435;2026-01-05 12:30:00;C032;Casa;47.87;RS;Pendente;"{""sistema"": ""iOS"", ""versao_app"": ""2.2""}"
1436;2026-01-05 12:45:00;C087;Eletrônicos;287.35;PE;Pendente;"{""sistema"": ""Web"", ""versao_app"": ""N/A""}"
1437;2026-01-05 13:00:00;C063;Esportes;451.64;PR;Concluído;"{""sistema"": ""Web"", ""versao_app"": ""N/A""}"
1438;2026-01-05 13:15:00;C086;Eletrônicos;139.68;PR;Concluído;"{""sistema"": ""Web"", ""versao_app"": ""N/A""}"
1439;2026-01-05 13:30:00;C051;Esportes;393.59;PE;Pendente;"{""sistema"": ""Android"", ""versao_app"": ""2.1""}"
1440;2026-01-05 13:45:00;C025;Casa;854.39;BA;Concluído;"{""sistema"": ""Web"", ""versao_app"": ""N/A""}"
1441;2026-01-05 14:00:00;C058;Casa;76.97;PR;Pendente;"{""sistema"": ""Web"", ""versao_app"": ""N/A""}"
1442;2026-01-05 14:15:00;C063;Moda;205.23;BA;Concluído;"{""sistema"": ""Web"", ""versao_app"": ""N/A""}"
1443;2026-01-05 14:30:00;C062;Eletrônicos;104.62;SP;Cancelado;"{""sistema"": ""iOS"", ""versao_app"": ""2.2""}"
1444;2026-01-05 14:45:00;C022;Eletrônicos;413.58;SP;Concluído;"{""sistema"": ""iOS"", ""versao_app"": ""2.2""}"
1445;2026-01-05 15:00:00;C058;Eletrônicos;235.45;PR;Cancelado;"{""sistema"": ""Android"", ""versao_app"": ""2.1""}"
1446;2026-01-05 15:15:00;C058;Eletrônicos;271.68;SP;Cancelado;"{""sistema"": ""iOS"", ""versao_app"": ""2.2""}"
1447;2026-01-05 15:30:00;C086;Livros;419.77;RS;Concluído;"{""sistema"": ""Android"", ""versao_app"": ""2.1""}"
1448;2026-01-05 15:45:00;C049;Moda;146.03;BA;Pendente;"{""sistema"": ""iOS"", ""versao_app"": ""2.2""}"
1449;2026-01-05 16:00:00;C052;Eletrônicos;636.54;BA;Concluído;"{""sistema"": ""Web"", ""versao_app"": ""N/A""}"
1450;2026-01-05 16:15:00;C042;Esportes;210.37;PR;Cancelado;"{""sistema"": ""iOS"", ""versao_app"": ""2.2""}"
1451;2026-01-05 16:30:00;C070;Livros;62.98;SP;Pendente;"{""sistema"": ""Android"", ""versao_app"": ""2.1""}"
1452;2026-01-05 16:45:00;C015;Esportes;317.6;RJ;Concluído;"{""sistema"": ""iOS"", ""versao_app"": ""2.2""}"
1453;2026-01-05 17:00:00;C054;Esportes;414.07;PE;Cancelado;"{""sistema"": ""Web"", ""versao_app"": ""N/A""}"
1454;2026-01-05 17:15:00;C060;Eletrônicos;115.23;PE;Concluído;"{""sistema"": ""Android"", ""versao_app"": ""2.1""}"
1455;2026-01-05 17:30:00;C097;Moda;506.54;BA;Pendente;"{""sistema"": ""Web"", ""versao_app"": ""N/A""}"
1456;2026-01-05 17:45:00;C008;Livros;611.5;PR;Concluído;"{""sistema"": ""Web"", ""versao_app"": ""N/A""}"
1457;2026-01-05 18:00:00;C053;Casa;101.05;PR;Pendente;"{""sistema"": ""Android"", ""versao_app"": ""2.1""}"
1458;2026-01-05 18:15:00;C060;Eletrônicos;1046.42;RS;Concluído;"{""sistema"": ""Web"", ""versao_app"": ""N/A""}"
1459;2026-01-05 18:30:00;C005;Livros;57.91;MG;Concluído;"{""sistema"": ""Web"", ""versao_app"": ""N/A""}"
1460;2026-01-05 18:45:00;C068;Eletrônicos;76.42;MG;Concluído;"{""sistema"": ""iOS"", ""versao_app"": ""2.2""}"
1461;2026-01-05 19:00:00;C006;Eletrônicos;70.9;BA;Concluído;"{""sistema"": ""Web"", ""versao_app"": ""N/A""}"
1462;2026-01-05 19:15:00;C096;Moda;581.05;PE;Concluído;"{""sistema"": ""Web"", ""versao_app"": ""N/A""}"
1463;2026-01-05 19:30:00;C094;Casa;285.54;RS;Cancelado;"{""sistema"": ""Web"", ""versao_app"": ""N/A""}"
1464;2026-01-05 19:45:00;C047;Casa;61.25;RS;Concluído;"{""sistema"": ""Web"", ""versao_app"": ""N/A""}"
1465;2026-01-05 20:00:00;C099;Eletrônicos;165.1;RS;Concluído;"{""sistema"": ""Android"", ""versao_app"": ""2.1""}"
1466;2026-01-05 20:15:00;C055;Livros;258.82;BA;Pendente;"{""sistema"": ""iOS"", ""versao_app"": ""2.2""}"
1467;2026-01-05 20:30:00;C040;Moda;41.79;MG;Pendente;"{""sistema"": ""Web"", ""versao_app"": ""N/A""}"
1468;2026-01-05 20:45:00;C052;Eletrônicos;555.15;PE;Cancelado;"{""sistema"": ""Web"", ""versao_app"": ""N/A""}"
1469;2026-01-05 21:00:00;C016;Livros;426.9;RS;Concluído;"{""sistema"": ""Android"", ""versao_app"": ""2.1""}"
1470;2026-01-05 21:15:00;C013;Esportes;195.9;PE;Concluído;"{""sistema"": ""Web"", ""versao_app"": ""N/A""}"
1471;2026-01-05 21:30:00;C030;Livros;873.77;SP;Pendente;"{""sistema"": ""Android"", ""versao_app"": ""2.1""}"
1472;2026-01-05 21:45:00;C019;Livros;155.22;PR;Concluído;"{""sistema"": ""iOS"", ""versao_app"": ""2.2""}"
1473;2026-01-05 22:00:00;C017;Casa;1055.52;PR;Cancelado;"{""sistema"": ""iOS"", ""versao_app"": ""2.2""}"
1474;2026-01-05 22:15:00;C063;Casa;295.59;PE;Cancelado;"{""sistema"": ""Web"", ""versao_app"": ""N/A""}"
1475;2026-01-05 22:30:00;C019;Eletrônicos;;RJ;Pendente;"{""sistema"": ""Web"", ""versao_app"": ""N/A""}"
1476;2026-01-05 22:45:00;C092;Moda;65.37;RJ;Pendente;"{""sistema"": ""Web"", ""versao_app"": ""N/A""}"
1477;2026-01-05 23:00:00;C058;Moda;554.11;BA;Concluído;"{""sistema"": ""Android"", ""versao_app"": ""2.1""}"
1478;2026-01-05 23:15:00;C055;Moda;159.43;BA;Concluído;"{""sistema"": ""Web"", ""versao_app"": ""N/A""}"
1479;2026-01-05 23:30:00;C090;Casa;;PR;Concluído;"{""sistema"": ""Web"", ""versao_app"": ""N/A""}"
1480;2026-01-05 23:45:00;C090;Moda;23.17;SP;Cancelado;"{""sistema"": ""iOS"", ""versao_app"": ""2.2""}"
1481;2026-01-06 00:00:00;C062;Eletrônicos;225.11;MG;Cancelado;"{""sistema"": ""Web"", ""versao_app"": ""N/A""}"
1482;2026-01-06 00:15:00;C023;Eletrônicos;207.38;MG;Pendente;"{""sistema"": ""iOS"", ""versao_app"": ""2.2""}"
1483;2026-01-06 00:30:00;C009;Casa;337.66;BA;Concluído;"{""sistema"": ""Web"", ""versao_app"": ""N/A""}"
1484;2026-01-06 00:45:00;C012;Eletrônicos;572.41;SP;Cancelado;"{""sistema"": ""iOS"", ""versao_app"": ""2.2""}"
1485;2026-01-06 01:00:00;C001;Livros;40.68;BA;Concluído;"{""sistema"": ""Web"", ""versao_app"": ""N/A""}"
1486;2026-01-06 01:15:00;C058;Moda;348.72;MG;Concluído;"{""sistema"": ""iOS"", ""versao_app"": ""2.2""}"
1487;2026-01-06 01:30:00;C001;Moda;71.88;PE;Pendente;"{""sistema"": ""Android"", ""versao_app"": ""2.1""}"
1488;2026-01-06 01:45:00;C034;Casa;508.29;BA;Concluído;"{""sistema"": ""iOS"", ""versao_app"": ""2.2""}"
1489;2026-01-06 02:00:00;C096;Livros;;RS;Concluído;"{""sistema"": ""iOS"", ""versao_app"": ""2.2""}"
1490;2026-01-06 02:15:00;C048;Moda;214.56;PE;Concluído;"{""sistema"": ""iOS"", ""versao_app"": ""2.2""}"
1491;2026-01-06 02:30:00;C089;Casa;329.68;BA;Concluído;"{""sistema"": ""Web"", ""versao_app"": ""N/A""}"
1492;2026-01-06 02:45:00;C001;Casa;114.35;PR;Pendente;"{""sistema"": ""Web"", ""versao_app"": ""N/A""}"
1493;2026-01-06 03:00:00;C016;Moda;179.27;BA;Concluído;"{""sistema"": ""Web"", ""versao_app"": ""N/A""}"
1494;2026-01-06 03:15:00;C061;Livros;450.98;PR;Concluído;"{""sistema"": ""Android"", ""versao_app"": ""2.1""}"
1495;2026-01-06 03:30:00;C064;Livros;173.71;SP;Concluído;"{""sistema"": ""Android"", ""versao_app"": ""2.1""}"
1496;2026-01-06 03:45:00;C063;Casa;130.71;MG;Pendente;"{""sistema"": ""iOS"", ""versao_app"": ""2.2""}"
1497;2026-01-06 04:00:00;C069;Livros;190.41;PE;Pendente;"{""sistema"": ""Android"", ""versao_app"": ""2.1""}"
1498;2026-01-06 04:15:00;C022;Livros;460.43;PE;Concluído;"{""sistema"": ""iOS"", ""versao_app"": ""2.2""}"
1499;2026-01-06 04:30:00;C093;Casa;122.07;RJ;Cancelado;"{""sistema"": ""iOS"", ""versao_app"": ""2.2""}"
1500;2026-01-06 04:45:00;C067;Livros;67.72;RJ;Concluído;"{""sistema"": ""iOS"", ""versao_app"": ""2.2""}"
1501;2026-01-06 05:00:00;C076;Casa;331.21;MG;Pendente;"{""sistema"": ""Android"", ""versao_app"": ""2.1""}"
1502;2026-01-06 05:15:00;C026;Casa;457.14;RJ;Concluído;"{""sistema"": ""Web"", ""versao_app"": ""N/A""}"
1503;2026-01-06 05:30:00;C016;Casa;46.52;PE;Concluído;"{""sistema"": ""Android"", ""versao_app"": ""2.1""}"
1504;2026-01-06 05:45:00;C051;Livros;88.57;BA;Concluído;"{""sistema"": ""iOS"", ""versao_app"": ""2.2""}"
1505;2026-01-06 06:00:00;C086;Eletrônicos;58.28;SP;Pendente;"{""sistema"": ""iOS"", ""versao_app"": ""2.2""}"
1506;2026-01-06 06:15:00;C057;Livros;126.91;SP;Concluído;"{""sistema"": ""Android"", ""versao_app"": ""2.1""}"
1507;2026-01-06 06:30:00;C029;Livros;169.62;MG;Pendente;"{""sistema"": ""iOS"", ""versao_app"": ""2.2""}"
1508;2026-01-06 06:45:00;C078;Eletrônicos;;RJ;Concluído;"{""sistema"": ""iOS"", ""versao_app"": ""2.2""}"
1509;2026-01-06 07:00:00;C092;Livros;283.28;BA;Pendente;"{""sistema"": ""Android"", ""versao_app"": ""2.1""}"
1510;2026-01-06 07:15:00;C069;Eletrônicos;262.51;SP;Concluído;"{""sistema"": ""Android"", ""versao_app"": ""2.1""}"
1511;2026-01-06 07:30:00;C047;Moda;128.61;SP;Pendente;"{""sistema"": ""Android"", ""versao_app"": ""2.1""}"
1512;2026-01-06 07:45:00;C094;Casa;480.42;RS;Pendente;"{""sistema"": ""iOS"", ""versao_app"": ""2.2""}"
1513;2026-01-06 08:00:00;C062;Eletrônicos;179.33;RS;Concluído;"{""sistema"": ""iOS"", ""versao_app"": ""2.2""}"
1514;2026-01-06 08:15:00;C069;Livros;987.06;PE;Concluído;"{""sistema"": ""Web"", ""versao_app"": ""N/A""}"
1515;2026-01-06 08:30:00;C076;Livros;271.38;SP;Cancelado;"{""sistema"": ""Web"", ""versao_app"": ""N/A""}"
1516;2026-01-06 08:45:00;C016;Moda;53.74;MG;Concluído;"{""sistema"": ""Android"", ""versao_app"": ""2.1""}"
1517;2026-01-06 09:00:00;C090;Eletrônicos;301.89;PR;Cancelado;"{""sistema"": ""Web"", ""versao_app"": ""N/A""}"
1518;2026-01-06 09:15:00;C090;Moda;118.3;PR;Concluído;"{""sistema"": ""iOS"", ""versao_app"": ""2.2""}"
1519;2026-01-06 09:30:00;C048;Casa;309.85;BA;Cancelado;"{""sistema"": ""Web"", ""versao_app"": ""N/A""}"
1520;2026-01-06 09:45:00;C085;Esportes;38.05;SP;Pendente;"{""sistema"": ""iOS"", ""versao_app"": ""2.2""}"
1521;2026-01-06 10:00:00;C039;Casa;68.06;SP;Cancelado;"{""sistema"": ""Android"", ""versao_app"": ""2.1""}"
1522;2026-01-06 10:15:00;C100;Moda;504.03;PE;Concluído;"{""sistema"": ""Android"", ""versao_app"": ""2.1""}"
1523;2026-01-06 10:30:00;C033;Casa;84.43;SP;Concluído;"{""sistema"": ""iOS"", ""versao_app"": ""2.2""}"
1524;2026-01-06 10:45:00;C094;Moda;473.56;MG;Cancelado;"{""sistema"": ""Web"", ""versao_app"": ""N/A""}"
1525;2026-01-06 11:00:00;C023;Livros;101.87;RS;Concluído;"{""sistema"": ""Android"", ""versao_app"": ""2.1""}"
1526;2026-01-06 11:15:00;C010;Eletrônicos;277.42;SP;Concluído;"{""sistema"": ""Android"", ""versao_app"": ""2.1""}"
1527;2026-01-06 11:30:00;C069;Livros;316.17;SP;Cancelado;"{""sistema"": ""Web"", ""versao_app"": ""N/A""}"
1528;2026-01-06 11:45:00;C100;Moda;199.7;PE;Concluído;"{""sistema"": ""Web"", ""versao_app"": ""N/A""}"
1529;2026-01-06 12:00:00;C034;Esportes;111.07;RJ;Concluído;"{""sistema"": ""iOS"", ""versao_app"": ""2.2""}"
1530;2026-01-06 12:15:00;C052;Moda;79.77;PE;Concluído;"{""sistema"": ""Web"", ""versao_app"": ""N/A""}"
1531;2026-01-06 12:30:00;C095;Casa;28.44;PE;Concluído;"{""sistema"": ""Web"", ""versao_app"": ""N/A""}"
1532;2026-01-06 12:45:00;C010;Esportes;110.58;MG;Cancelado;"{""sistema"": ""Web"", ""versao_app"": ""N/A""}"
1533;2026-01-06 13:00:00;C019;Eletrônicos;284.72;BA;Concluído;"{""sistema"": ""iOS"", ""versao_app"": ""2.2""}"
1534;2026-01-06 13:15:00;C058;Esportes;716.39;SP;Pendente;"{""sistema"": ""iOS"", ""versao_app"": ""2.2""}"
1535;2026-01-06 13:30:00;C096;Casa;532.38;PE;Concluído;"{""sistema"": ""Android"", ""versao_app"": ""2.1""}"
1536;2026-01-06 13:45:00;C001;Eletrônicos;383.18;PE;Concluído;"{""sistema"": ""iOS"", ""versao_app"": ""2.2""}"
1537;2026-01-06 14:00:00;C069;Moda;408.32;RJ;Concluído;"{""sistema"": ""Android"", ""versao_app"": ""2.1""}"
1538;2026-01-06 14:15:00;C004;Casa;293.39;PE;Cancelado;"{""sistema"": ""Web"", ""versao_app"": ""N/A""}"
1539;2026-01-06 14:30:00;C016;Eletrônicos;95.37;PR;Concluído;"{""sistema"": ""Android"", ""versao_app"": ""2.1""}"
1540;2026-01-06 14:45:00;C024;Casa;614.31;BA;Concluído;"{""sistema"": ""Android"", ""versao_app"": ""2.1""}"
1541;2026-01-06 15:00:00;C080;Moda;297.72;SP;Concluído;"{""sistema"": ""Web"", ""versao_app"": ""N/A""}"
1542;2026-01-06 15:15:00;C002;Casa;225.5;SP;Concluído;"{""sistema"": ""Android"", ""versao_app"": ""2.1""}"
1543;2026-01-06 15:30:00;C092;Eletrônicos;49.41;RJ;Concluído;"{""sistema"": ""iOS"", ""versao_app"": ""2.2""}"
1544;2026-01-06 15:45:00;C032;Livros;168.12;MG;Concluído;"{""sistema"": ""iOS"", ""versao_app"": ""2.2""}"
1545;2026-01-06 16:00:00;C091;Esportes;174.21;SP;Concluído;"{""sistema"": ""iOS"", ""versao_app"": ""2.2""}"
1546;2026-01-06 16:15:00;C084;Esportes;519.81;PR;Concluído;"{""sistema"": ""iOS"", ""versao_app"": ""2.2""}"
1547;2026-01-06 16:30:00;C024;Casa;217.77;SP;Concluído;"{""sistema"": ""Android"", ""versao_app"": ""2.1""}"
1548;2026-01-06 16:45:00;C012;Eletrônicos;139.67;PR;Pendente;"{""sistema"": ""Android"", ""versao_app"": ""2.1""}"
1549;2026-01-06 17:00:00;C050;Livros;960.9;BA;Pendente;"{""sistema"": ""Web"", ""versao_app"": ""N/A""}"
1550;2026-01-06 17:15:00;C035;Eletrônicos;49.34;BA;Pendente;"{""sistema"": ""Android"", ""versao_app"": ""2.1""}"
1551;2026-01-06 17:30:00;C033;Eletrônicos;157.28;RS;Concluído;"{""sistema"": ""Android"", ""versao_app"": ""2.1""}"
1552;2026-01-06 17:45:00;C033;Moda;;RS;Pendente;"{""sistema"": ""Android"", ""versao_app"": ""2.1""}"
1553;2026-01-06 18:00:00;C061;Moda;356.68;PR;Pendente;"{""sistema"": ""Web"", ""versao_app"": ""N/A""}"
1554;2026-01-06 18:15:00;C051;Livros;645.49;MG;Concluído;"{""sistema"": ""iOS"", ""versao_app"": ""2.2""}"
1555;2026-01-06 18:30:00;C043;Casa;102.14;SP;Concluído;"{""sistema"": ""Android"", ""versao_app"": ""2.1""}"
1556;2026-01-06 18:45:00;C012;Moda;508.58;PE;Concluído;"{""sistema"": ""Web"", ""versao_app"": ""N/A""}"
1557;2026-01-06 19:00:00;C067;Moda;106.4;SP;Concluído;"{""sistema"": ""Web"", ""versao_app"": ""N/A""}"
1558;2026-01-06 19:15:00;C065;Esportes;624.13;RS;Concluído;"{""sistema"": ""Web"", ""versao_app"": ""N/A""}"
1559;2026-01-06 19:30:00;C033;Moda;370.57;PE;Concluído;"{""sistema"": ""iOS"", ""versao_app"": ""2.2""}"
1560;2026-01-06 19:45:00;C040;Moda;428.57;PR;Concluído;"{""sistema"": ""Android"", ""versao_app"": ""2.1""}"
1561;2026-01-06 20:00:00;C074;Eletrônicos;24.54;PE;Pendente;"{""sistema"": ""Web"", ""versao_app"": ""N/A""}"
1562;2026-01-06 20:15:00;C043;Livros;842.93;SP;Concluído;"{""sistema"": ""iOS"", ""versao_app"": ""2.2""}"
1563;2026-01-06 20:30:00;C044;Casa;344.27;SP;Concluído;"{""sistema"": ""Web"", ""versao_app"": ""N/A""}"
1564;2026-01-06 20:45:00;C029;Eletrônicos;110.87;MG;Concluído;"{""sistema"": ""Web"", ""versao_app"": ""N/A""}"
1565;2026-01-06 21:00:00;C013;Eletrônicos;462.1;RJ;Cancelado;"{""sistema"": ""Web"", ""versao_app"": ""N/A""}"
1566;2026-01-06 21:15:00;C012;Casa;102.65;PE;Concluído;"{""sistema"": ""Web"", ""versao_app"": ""N/A""}"
1567;2026-01-06 21:30:00;C095;Casa;535.41;RS;Concluído;"{""sistema"": ""Web"", ""versao_app"": ""N/A""}"
1568;2026-01-06 21:45:00;C046;Moda;49.86;RS;Concluído;"{""sistema"": ""iOS"", ""versao_app"": ""2.2""}"
1569;2026-01-06 22:00:00;C002;Esportes;324.08;RJ;Cancelado;"{""sistema"": ""Android"", ""versao_app"": ""2.1""}"
1570;2026-01-06 22:15:00;C035;Eletrônicos;214.51;SP;Concluído;"{""sistema"": ""Android"", ""versao_app"": ""2.1""}"
1571;2026-01-06 22:30:00;C087;Moda;45.38;MG;Pendente;"{""sistema"": ""Android"", ""versao_app"": ""2.1""}"
1572;2026-01-06 22:45:00;C081;Esportes;89.23;MG;Concluído;"{""sistema"": ""Android"", ""versao_app"": ""2.1""}"
1573;2026-01-06 23:00:00;C090;Moda;23.12;RS;Cancelado;"{""sistema"": ""iOS"", ""versao_app"": ""2.2""}"
1574;2026-01-06 23:15:00;C008;Casa;178.14;MG;Cancelado;"{""sistema"": ""iOS"", ""versao_app"": ""2.2""}"
1575;2026-01-06 23:30:00;C093;Moda;109.62;BA;Concluído;"{""sistema"": ""iOS"", ""versao_app"": ""2.2""}"
1576;2026-01-06 23:45:00;C026;Moda;248.05;RJ;Concluído;"{""sistema"": ""Web"", ""versao_app"": ""N/A""}"
1577;2026-01-07 00:00:00;C074;Esportes;108.18;SP;Concluído;"{""sistema"": ""Web"", ""versao_app"": ""N/A""}"
1578;2026-01-07 00:15:00;C090;Moda;109.14;BA;Cancelado;"{""sistema"": ""Web"", ""versao_app"": ""N/A""}"
1579;2026-01-07 00:30:00;C034;Livros;359.86;RJ;Concluído;"{""sistema"": ""Android"", ""versao_app"": ""2.1""}"
1580;2026-01-07 00:45:00;C007;Eletrônicos;32.34;PR;Pendente;"{""sistema"": ""Web"", ""versao_app"": ""N/A""}"
1581;2026-01-07 01:00:00;C068;Eletrônicos;;PE;Cancelado;"{""sistema"": ""Android"", ""versao_app"": ""2.1""}"
1582;2026-01-07 01:15:00;C058;Eletrônicos;498.08;RS;Concluído;"{""sistema"": ""Web"", ""versao_app"": ""N/A""}"
1583;2026-01-07 01:30:00;C075;Casa;295.51;MG;Concluído;"{""sistema"": ""Android"", ""versao_app"": ""2.1""}"
1584;2026-01-07 01:45:00;C029;Moda;244.87;PR;Concluído;"{""sistema"": ""Web"", ""versao_app"": ""N/A""}"
1585;2026-01-07 02:00:00;C036;Livros;577.11;MG;Cancelado;"{""sistema"": ""Web"", ""versao_app"": ""N/A""}"
1586;2026-01-07 02:15:00;C089;Moda;71.24;BA;Cancelado;"{""sistema"": ""iOS"", ""versao_app"": ""2.2""}"
1587;2026-01-07 02:30:00;C021;Esportes;40.57;SP;Concluído;"{""sistema"": ""Web"", ""versao_app"": ""N/A""}"
1588;2026-01-07 02:45:00;C036;Eletrônicos;88.45;SP;Concluído;"{""sistema"": ""Web"", ""versao_app"": ""N/A""}"
1589;2026-01-07 03:00:00;C010;Livros;415.67;SP;Cancelado;"{""sistema"": ""iOS"", ""versao_app"": ""2.2""}"
1590;2026-01-07 03:15:00;C073;Livros;28.82;MG;Concluído;"{""sistema"": ""Android"", ""versao_app"": ""2.1""}"
1591;2026-01-07 03:30:00;C024;Livros;238.55;PR;Concluído;"{""sistema"": ""iOS"", ""versao_app"": ""2.2""}"
1592;2026-01-07 03:45:00;C064;Livros;;SP;Cancelado;"{""sistema"": ""iOS"", ""versao_app"": ""2.2""}"
1593;2026-01-07 04:00:00;C099;Livros;503.96;PR;Concluído;"{""sistema"": ""Android"", ""versao_app"": ""2.1""}"
1594;2026-01-07 04:15:00;C049;Casa;204.25;MG;Concluído;"{""sistema"": ""Web"", ""versao_app"": ""N/A""}"
1595;2026-01-07 04:30:00;C099;Eletrônicos;36.44;BA;Concluído;"{""sistema"": ""Android"", ""versao_app"": ""2.1""}"
1596;2026-01-07 04:45:00;C036;Eletrônicos;465.02;PR;Concluído;"{""sistema"": ""Web"", ""versao_app"": ""N/A""}"
1597;2026-01-07 05:00:00;C082;Esportes;248.44;BA;Cancelado;"{""sistema"": ""Web"", ""versao_app"": ""N/A""}"
1598;2026-01-07 05:15:00;C096;Casa;50.52;MG;Concluído;"{""sistema"": ""Android"", ""versao_app"": ""2.1""}"
1599;2026-01-07 05:30:00;C024;Livros;44.64;MG;Cancelado;"{""sistema"": ""iOS"", ""versao_app"": ""2.2""}"
1600;2026-01-07 05:45:00;C023;Moda;620.95;RS;Cancelado;"{""sistema"": ""Android"", ""versao_app"": ""2.1""}"
1601;2026-01-07 06:00:00;C062;Eletrônicos;296.56;MG;Concluído;"{""sistema"": ""Web"", ""versao_app"": ""N/A""}"
1602;2026-01-07 06:15:00;C096;Eletrônicos;461.94;MG;Concluído;"{""sistema"": ""Android"", ""versao_app"": ""2.1""}"
1603;2026-01-07 06:30:00;C037;Casa;547.95;RJ;Cancelado;"{""sistema"": ""Android"", ""versao_app"": ""2.1""}"
1604;2026-01-07 06:45:00;C012;Moda;232.03;SP;Pendente;"{""sistema"": ""Web"", ""versao_app"": ""N/A""}"
1605;2026-01-07 07:00:00;C055;Eletrônicos;202.17;RS;Concluído;"{""sistema"": ""iOS"", ""versao_app"": ""2.2""}"
1606;2026-01-07 07:15:00;C013;Moda;160.72;PE;Concluído;"{""sistema"": ""Android"", ""versao_app"": ""2.1""}"
1607;2026-01-07 07:30:00;C023;Eletrônicos;115.3;RS;Concluído;"{""sistema"": ""Web"", ""versao_app"": ""N/A""}"
1608;2026-01-07 07:45:00;C089;Casa;162.55;RS;Concluído;"{""sistema"": ""Web"", ""versao_app"": ""N/A""}"
1609;2026-01-07 08:00:00;C099;Moda;391.67;PE;Concluído;"{""sistema"": ""Android"", ""versao_app"": ""2.1""}"
1610;2026-01-07 08:15:00;C030;Livros;250.28;RJ;Concluído;"{""sistema"": ""iOS"", ""versao_app"": ""2.2""}"
1611;2026-01-07 08:30:00;C017;Moda;577.62;BA;Concluído;"{""sistema"": ""Android"", ""versao_app"": ""2.1""}"
1612;2026-01-07 08:45:00;C062;Moda;166.47;MG;Cancelado;"{""sistema"": ""iOS"", ""versao_app"": ""2.2""}"
1613;2026-01-07 09:00:00;C084;Eletrônicos;253.54;SP;Concluído;"{""sistema"": ""iOS"", ""versao_app"": ""2.2""}"
1614;2026-01-07 09:15:00;C089;Eletrônicos;269.45;PR;Concluído;"{""sistema"": ""iOS"", ""versao_app"": ""2.2""}"
1615;2026-01-07 09:30:00;C086;Moda;;PE;Concluído;"{""sistema"": ""iOS"", ""versao_app"": ""2.2""}"
1616;2026-01-07 09:45:00;C013;Moda;323.2;BA;Pendente;"{""sistema"": ""Android"", ""versao_app"": ""2.1""}"
1617;2026-01-07 10:00:00;C059;Casa;87.77;PE;Concluído;"{""sistema"": ""Web"", ""versao_app"": ""N/A""}"
1618;2026-01-07 10:15:00;C019;Moda;199.55;MG;Concluído;"{""sistema"": ""Web"", ""versao_app"": ""N/A""}"
1619;2026-01-07 10:30:00;C049;Casa;47.52;RJ;Concluído;"{""sistema"": ""Web"", ""versao_app"": ""N/A""}"
1620;2026-01-07 10:45:00;C100;Livros;141.33;PE;Concluído;"{""sistema"": ""Web"", ""versao_app"": ""N/A""}"
1621;2026-01-07 11:00:00;C012;Livros;187.2;MG;Concluído;"{""sistema"": ""Web"", ""versao_app"": ""N/A""}"
1622;2026-01-07 11:15:00;C061;Eletrônicos;284.05;MG;Cancelado;"{""sistema"": ""Web"", ""versao_app"": ""N/A""}"
1623;2026-01-07 11:30:00;C019;Moda;771.6;RJ;Concluído;"{""sistema"": ""Android"", ""versao_app"": ""2.1""}"
1624;2026-01-07 11:45:00;C076;Eletrônicos;249.48;RS;Pendente;"{""sistema"": ""iOS"", ""versao_app"": ""2.2""}"
1625;2026-01-07 12:00:00;C009;Eletrônicos;360.25;RS;Cancelado;"{""sistema"": ""Web"", ""versao_app"": ""N/A""}"
1626;2026-01-07 12:15:00;C071;Esportes;196.44;SP;Concluído;"{""sistema"": ""Android"", ""versao_app"": ""2.1""}"
1627;2026-01-07 12:30:00;C028;Eletrônicos;271.35;SP;Concluído;"{""sistema"": ""Web"", ""versao_app"": ""N/A""}"
1628;2026-01-07 12:45:00;C078;Moda;38.39;RS;Concluído;"{""sistema"": ""Web"", ""versao_app"": ""N/A""}"
1629;2026-01-07 13:00:00;C095;Casa;93.39;BA;Cancelado;"{""sistema"": ""iOS"", ""versao_app"": ""2.2""}"
1630;2026-01-07 13:15:00;C052;Casa;132.3;PR;Cancelado;"{""sistema"": ""iOS"", ""versao_app"": ""2.2""}"
1631;2026-01-07 13:30:00;C083;Casa;179.9;MG;Cancelado;"{""sistema"": ""iOS"", ""versao_app"": ""2.2""}"
1632;2026-01-07 13:45:00;C016;Eletrônicos;31.68;PR;Concluído;"{""sistema"": ""Web"", ""versao_app"": ""N/A""}"
1633;2026-01-07 14:00:00;C069;Moda;57.71;MG;Concluído;"{""sistema"": ""Web"", ""versao_app"": ""N/A""}"
1634;2026-01-07 14:15:00;C099;Moda;;RS;Concluído;"{""sistema"": ""Web"", ""versao_app"": ""N/A""}"
1635;2026-01-07 14:30:00;C012;Eletrônicos;909.75;SP;Concluído;"{""sistema"": ""iOS"", ""versao_app"": ""2.2""}"
1636;2026-01-07 14:45:00;C025;Moda;120.62;BA;Concluído;"{""sistema"": ""Android"", ""versao_app"": ""2.1""}"
1637;2026-01-07 15:00:00;C052;Eletrônicos;184.46;SP;Pendente;"{""sistema"": ""Web"", ""versao_app"": ""N/A""}"
1638;2026-01-07 15:15:00;C085;Eletrônicos;74.57;PR;Concluído;"{""sistema"": ""Web"", ""versao_app"": ""N/A""}"
1639;2026-01-07 15:30:00;C100;Moda;255.9;SP;Cancelado;"{""sistema"": ""Web"", ""versao_app"": ""N/A""}"
1640;2026-01-07 15:45:00;C053;Eletrônicos;102.36;RS;Concluído;"{""sistema"": ""Android"", ""versao_app"": ""2.1""}"
1641;2026-01-07 16:00:00;C023;Casa;77.98;BA;Cancelado;"{""sistema"": ""Web"", ""versao_app"": ""N/A""}"
1642;2026-01-07 16:15:00;C016;Casa;;PR;Pendente;"{""sistema"": ""Android"", ""versao_app"": ""2.1""}"
1643;2026-01-07 16:30:00;C057;Livros;21.38;BA;Pendente;"{""sistema"": ""Web"", ""versao_app"": ""N/A""}"
1644;2026-01-07 16:45:00;C039;Eletrônicos;21.92;MG;Concluído;"{""sistema"": ""Android"", ""versao_app"": ""2.1""}"
1645;2026-01-07 17:00:00;C053;Eletrônicos;81.82;SP;Cancelado;"{""sistema"": ""Web"", ""versao_app"": ""N/A""}"
1646;2026-01-07 17:15:00;C042;Eletrônicos;29.35;BA;Pendente;"{""sistema"": ""iOS"", ""versao_app"": ""2.2""}"
1647;2026-01-07 17:30:00;C058;Casa;48.58;RJ;Concluído;"{""sistema"": ""iOS"", ""versao_app"": ""2.2""}"
1648;2026-01-07 17:45:00;C039;Casa;123.45;SP;Concluído;"{""sistema"": ""iOS"", ""versao_app"": ""2.2""}"
1649;2026-01-07 18:00:00;C014;Eletrônicos;425.61;MG;Cancelado;"{""sistema"": ""iOS"", ""versao_app"": ""2.2""}"
1650;2026-01-07 18:15:00;C095;Esportes;232.19;BA;Concluído;"{""sistema"": ""Web"", ""versao_app"": ""N/A""}"
1651;2026-01-07 18:30:00;C005;Eletrônicos;;PR;Pendente;"{""sistema"": ""iOS"", ""versao_app"": ""2.2""}"
1652;2026-01-07 18:45:00;C035;Moda;106.85;MG;Concluído;"{""sistema"": ""Android"", ""versao_app"": ""2.1""}"
1653;2026-01-07 19:00:00;C087;Casa;691.16;RJ;Concluído;"{""sistema"": ""iOS"", ""versao_app"": ""2.2""}"
1654;2026-01-07 19:15:00;C093;Livros;146.47;BA;Pendente;"{""sistema"": ""iOS"", ""versao_app"": ""2.2""}"
1655;2026-01-07 19:30:00;C075;Casa;42.78;PE;Concluído;"{""sistema"": ""iOS"", ""versao_app"": ""2.2""}"
1656;2026-01-07 19:45:00;C018;Livros;;PE;Concluído;"{""sistema"": ""Web"", ""versao_app"": ""N/A""}"
1657;2026-01-07 20:00:00;C076;Moda;50.21;RS;Cancelado;"{""sistema"": ""iOS"", ""versao_app"": ""2.2""}"
1658;2026-01-07 20:15:00;C009;Livros;125.87;SP;Cancelado;"{""sistema"": ""Android"", ""versao_app"": ""2.1""}"
1659;2026-01-07 20:30:00;C074;Eletrônicos;197.02;PR;Concluído;"{""sistema"": ""iOS"", ""versao_app"": ""2.2""}"
1660;2026-01-07 20:45:00;C058;Livros;538.31;RS;Concluído;"{""sistema"": ""iOS"", ""versao_app"": ""2.2""}"
1661;2026-01-07 21:00:00;C017;Moda;190.08;BA;Pendente;"{""sistema"": ""iOS"", ""versao_app"": ""2.2""}"
1662;2026-01-07 21:15:00;C007;Livros;322.88;PE;Cancelado;"{""sistema"": ""Android"", ""versao_app"": ""2.1""}"
1663;2026-01-07 21:30:00;C046;Moda;1254.0;PE;Concluído;"{""sistema"": ""iOS"", ""versao_app"": ""2.2""}"
1664;2026-01-07 21:45:00;C013;Casa;55.24;PE;Concluído;"{""sistema"": ""Android"", ""versao_app"": ""2.1""}"
1665;2026-01-07 22:00:00;C040;Moda;100.3;BA;Concluído;"{""sistema"": ""Android"", ""versao_app"": ""2.1""}"
1666;2026-01-07 22:15:00;C042;Casa;145.46;PE;Concluído;"{""sistema"": ""iOS"", ""versao_app"": ""2.2""}"
1667;2026-01-07 22:30:00;C009;Eletrônicos;156.97;MG;Concluído;"{""sistema"": ""Android"", ""versao_app"": ""2.1""}"
1668;2026-01-07 22:45:00;C050;Eletrônicos;;BA;Cancelado;"{""sistema"": ""Web"", ""versao_app"": ""N/A""}"
1669;2026-01-07 23:00:00;C027;Eletrônicos;615.44;PR;Concluído;"{""sistema"": ""iOS"", ""versao_app"": ""2.2""}"
1670;2026-01-07 23:15:00;C066;Eletrônicos;332.97;RS;Concluído;"{""sistema"": ""iOS"", ""versao_app"": ""2.2""}"
1671;2026-01-07 23:30:00;C005;Livros;254.06;PR;Pendente;"{""sistema"": ""Android"", ""versao_app"": ""2.1""}"
1672;2026-01-07 23:45:00;C029;Eletrônicos;112.54;RJ;Pendente;"{""sistema"": ""Android"", ""versao_app"": ""2.1""}"
1673;2026-01-08 00:00:00;C037;Esportes;454.02;PE;Concluído;"{""sistema"": ""iOS"", ""versao_app"": ""2.2""}"
1674;2026-01-08 00:15:00;C038;Moda;795.61;RJ;Pendente;"{""sistema"": ""Web"", ""versao_app"": ""N/A""}"
1675;2026-01-08 00:30:00;C083;Eletrônicos;450.37;SP;Pendente;"{""sistema"": ""Android"", ""versao_app"": ""2.1""}"
1676;2026-01-08 00:45:00;C008;Livros;20.39;SP;Pendente;"{""sistema"": ""Android"", ""versao_app"": ""2.1""}"
1677;2026-01-08 01:00:00;C065;Casa;272.93;RJ;Concluído;"{""sistema"": ""Web"", ""versao_app"": ""N/A""}"
1678;2026-01-08 01:15:00;C086;Moda;33.12;BA;Pendente;"{""sistema"": ""Web"", ""versao_app"": ""N/A""}"
1679;2026-01-08 01:30:00;C017;Casa;94.47;PR;Pendente;"{""sistema"": ""iOS"", ""versao_app"": ""2.2""}"
1680;2026-01-08 01:45:00;C071;Casa;35.34;RJ;Pendente;"{""sistema"": ""Web"", ""versao_app"": ""N/A""}"
1681;2026-01-08 02:00:00;C089;Eletrônicos;251.46;SP;Concluído;"{""sistema"": ""iOS"", ""versao_app"": ""2.2""}"
1682;2026-01-08 02:15:00;C045;Esportes;310.06;RJ;Concluído;"{""sistema"": ""Web"", ""versao_app"": ""N/A""}"
1683;2026-01-08 02:30:00;C004;Esportes;50.4;BA;Concluído;"{""sistema"": ""Android"", ""versao_app"": ""2.1""}"
1684;2026-01-08 02:45:00;C036;Casa;141.06;RJ;Concluído;"{""sistema"": ""iOS"", ""versao_app"": ""2.2""}"
1685;2026-01-08 03:00:00;C070;Eletrônicos;172.31;PR;Cancelado;"{""sistema"": ""iOS"", ""versao_app"": ""2.2""}"
1686;2026-01-08 03:15:00;C031;Casa;135.13;RS;Concluído;"{""sistema"": ""iOS"", ""versao_app"": ""2.2""}"
1687;2026-01-08 03:30:00;C019;Eletrônicos;;BA;Concluído;"{""sistema"": ""Web"", ""versao_app"": ""N/A""}"
1688;2026-01-08 03:45:00;C061;Eletrônicos;155.73;SP;Cancelado;"{""sistema"": ""Android"", ""versao_app"": ""2.1""}"
1689;2026-01-08 04:00:00;C054;Moda;367.75;PR;Cancelado;"{""sistema"": ""iOS"", ""versao_app"": ""2.2""}"
1690;2026-01-08 04:15:00;C039;Moda;;RJ;Cancelado;"{""sistema"": ""iOS"", ""versao_app"": ""2.2""}"
1691;2026-01-08 04:30:00;C091;Livros;40.89;RJ;Concluído;"{""sistema"": ""iOS"", ""versao_app"": ""2.2""}"
1692;2026-01-08 04:45:00;C074;Casa;129.54;RS;Pendente;"{""sistema"": ""iOS"", ""versao_app"": ""2.2""}"
1693;2026-01-08 05:00:00;C090;Casa;730.65;SP;Concluído;"{""sistema"": ""Android"", ""versao_app"": ""2.1""}"
1694;2026-01-08 05:15:00;C019;Moda;296.09;SP;Pendente;"{""sistema"": ""Web"", ""versao_app"": ""N/A""}"
1695;2026-01-08 05:30:00;C039;Moda;303.82;MG;Pendente;"{""sistema"": ""Android"", ""versao_app"": ""2.1""}"
1696;2026-01-08 05:45:00;C067;Moda;132.32;SP;Cancelado;"{""sistema"": ""iOS"", ""versao_app"": ""2.2""}"
1697;2026-01-08 06:00:00;C045;Esportes;245.14;RS;Concluído;"{""sistema"": ""Android"", ""versao_app"": ""2.1""}"
1698;2026-01-08 06:15:00;C013;Eletrônicos;22.55;PE;Concluído;"{""sistema"": ""iOS"", ""versao_app"": ""2.2""}"
1699;2026-01-08 06:30:00;C092;Livros;272.72;MG;Concluído;"{""sistema"": ""Web"", ""versao_app"": ""N/A""}"
1700;2026-01-08 06:45:00;C058;Casa;631.29;MG;Pendente;"{""sistema"": ""Web"", ""versao_app"": ""N/A""}"
1701;2026-01-08 07:00:00;C020;Moda;;RJ;Concluído;"{""sistema"": ""Web"", ""versao_app"": ""N/A""}"
1702;2026-01-08 07:15:00;C092;Casa;537.27;RJ;Cancelado;"{""sistema"": ""iOS"", ""versao_app"": ""2.2""}"
1703;2026-01-08 07:30:00;C072;Moda;341.81;SP;Concluído;"{""sistema"": ""Android"", ""versao_app"": ""2.1""}"
1704;2026-01-08 07:45:00;C061;Livros;52.12;MG;Cancelado;"{""sistema"": ""Web"", ""versao_app"": ""N/A""}"
1705;2026-01-08 08:00:00;C039;Esportes;601.86;RJ;Concluído;"{""sistema"": ""iOS"", ""versao_app"": ""2.2""}"
1706;2026-01-08 08:15:00;C001;Moda;37.19;RS;Pendente;"{""sistema"": ""iOS"", ""versao_app"": ""2.2""}"
1707;2026-01-08 08:30:00;C003;Moda;210.87;RJ;Concluído;"{""sistema"": ""Android"", ""versao_app"": ""2.1""}"
1708;2026-01-08 08:45:00;C077;Casa;58.33;BA;Concluído;"{""sistema"": ""Web"", ""versao_app"": ""N/A""}"
1709;2026-01-08 09:00:00;C092;Esportes;22.94;BA;Concluído;"{""sistema"": ""iOS"", ""versao_app"": ""2.2""}"
1710;2026-01-08 09:15:00;C062;Eletrônicos;157.06;RJ;Concluído;"{""sistema"": ""Android"", ""versao_app"": ""2.1""}"
1711;2026-01-08 09:30:00;C063;Casa;107.4;MG;Concluído;"{""sistema"": ""Web"", ""versao_app"": ""N/A""}"
1712;2026-01-08 09:45:00;C025;Casa;186.38;PE;Pendente;"{""sistema"": ""Android"", ""versao_app"": ""2.1""}"
1713;2026-01-08 10:00:00;C056;Casa;235.21;PE;Concluído;"{""sistema"": ""Android"", ""versao_app"": ""2.1""}"
1714;2026-01-08 10:15:00;C033;Eletrônicos;31.18;MG;Concluído;"{""sistema"": ""iOS"", ""versao_app"": ""2.2""}"
1715;2026-01-08 10:30:00;C038;Casa;52.81;PR;Pendente;"{""sistema"": ""iOS"", ""versao_app"": ""2.2""}"
1716;2026-01-08 10:45:00;C006;Esportes;224.47;PE;Concluído;"{""sistema"": ""iOS"", ""versao_app"": ""2.2""}"
1717;2026-01-08 11:00:00;C058;Eletrônicos;125.08;BA;Concluído;"{""sistema"": ""Android"", ""versao_app"": ""2.1""}"
1718;2026-01-08 11:15:00;C044;Eletrônicos;346.57;RS;Concluído;"{""sistema"": ""iOS"", ""versao_app"": ""2.2""}"
1719;2026-01-08 11:30:00;C045;Esportes;284.1;MG;Pendente;"{""sistema"": ""Android"", ""versao_app"": ""2.1""}"
1720;2026-01-08 11:45:00;C032;Eletrônicos;487.06;SP;Concluído;"{""sistema"": ""Android"", ""versao_app"": ""2.1""}"
1721;2026-01-08 12:00:00;C045;Livros;314.81;BA;Concluído;"{""sistema"": ""iOS"", ""versao_app"": ""2.2""}"
1722;2026-01-08 12:15:00;C061;Moda;160.5;RS;Pendente;"{""sistema"": ""Web"", ""versao_app"": ""N/A""}"
1723;2026-01-08 12:30:00;C047;Eletrônicos;299.42;RS;Concluído;"{""sistema"": ""Web"", ""versao_app"": ""N/A""}"
1724;2026-01-08 12:45:00;C021;Livros;100.53;MG;Pendente;"{""sistema"": ""Web"", ""versao_app"": ""N/A""}"
1725;2026-01-08 13:00:00;C080;Moda;111.43;RS;Pendente;"{""sistema"": ""Android"", ""versao_app"": ""2.1""}"
1726;2026-01-08 13:15:00;C085;Moda;408.96;MG;Concluído;"{""sistema"": ""Android"", ""versao_app"": ""2.1""}"
1727;2026-01-08 13:30:00;C075;Moda;167.84;PE;Pendente;"{""sistema"": ""Android"", ""versao_app"": ""2.1""}"
1728;2026-01-08 13:45:00;C036;Casa;420.34;RJ;Concluído;"{""sistema"": ""iOS"", ""versao_app"": ""2.2""}"
1729;2026-01-08 14:00:00;C099;Eletrônicos;452.09;BA;Pendente;"{""sistema"": ""Android"", ""versao_app"": ""2.1""}"
1730;2026-01-08 14:15:00;C019;Moda;507.21;PR;Concluído;"{""sistema"": ""iOS"", ""versao_app"": ""2.2""}"
1731;2026-01-08 14:30:00;C020;Esportes;641.13;RJ;Cancelado;"{""sistema"": ""iOS"", ""versao_app"": ""2.2""}"
1732;2026-01-08 14:45:00;C057;Moda;160.96;BA;Pendente;"{""sistema"": ""Web"", ""versao_app"": ""N/A""}"
1733;2026-01-08 15:00:00;C018;Casa;;MG;Concluído;"{""sistema"": ""Web"", ""versao_app"": ""N/A""}"
1734;2026-01-08 15:15:00;C047;Moda;238.19;BA;Concluído;"{""sistema"": ""Web"", ""versao_app"": ""N/A""}"
1735;2026-01-08 15:30:00;C049;Livros;135.97;PE;Concluído;"{""sistema"": ""iOS"", ""versao_app"": ""2.2""}"
1736;2026-01-08 15:45:00;C014;Eletrônicos;249.74;MG;Concluído;"{""sistema"": ""iOS"", ""versao_app"": ""2.2""}"
1737;2026-01-08 16:00:00;C015;Esportes;325.69;RJ;Concluído;"{""sistema"": ""iOS"", ""versao_app"": ""2.2""}"
1738;2026-01-08 16:15:00;C031;Moda;311.51;SP;Pendente;"{""sistema"": ""Android"", ""versao_app"": ""2.1""}"
1739;2026-01-08 16:30:00;C001;Eletrônicos;137.32;SP;Concluído;"{""sistema"": ""iOS"", ""versao_app"": ""2.2""}"
1740;2026-01-08 16:45:00;C054;Eletrônicos;65.64;BA;Cancelado;"{""sistema"": ""Web"", ""versao_app"": ""N/A""}"
1741;2026-01-08 17:00:00;C003;Eletrônicos;160.76;SP;Concluído;"{""sistema"": ""Web"", ""versao_app"": ""N/A""}"
1742;2026-01-08 17:15:00;C016;Moda;58.46;MG;Concluído;"{""sistema"": ""iOS"", ""versao_app"": ""2.2""}"
1743;2026-01-08 17:30:00;C087;Moda;572.04;RS;Concluído;"{""sistema"": ""iOS"", ""versao_app"": ""2.2""}"
1744;2026-01-08 17:45:00;C057;Livros;126.12;MG;Cancelado;"{""sistema"": ""Web"", ""versao_app"": ""N/A""}"
1745;2026-01-08 18:00:00;C075;Moda;61.94;RS;Concluído;"{""sistema"": ""iOS"", ""versao_app"": ""2.2""}"
1746;2026-01-08 18:15:00;C012;Eletrônicos;26.44;RJ;Concluído;"{""sistema"": ""Web"", ""versao_app"": ""N/A""}"
1747;2026-01-08 18:30:00;C074;Casa;279.49;PR;Pendente;"{""sistema"": ""Android"", ""versao_app"": ""2.1""}"
1748;2026-01-08 18:45:00;C096;Casa;273.27;RS;Cancelado;"{""sistema"": ""Web"", ""versao_app"": ""N/A""}"
1749;2026-01-08 19:00:00;C016;Eletrônicos;124.11;SP;Concluído;"{""sistema"": ""Android"", ""versao_app"": ""2.1""}"
1750;2026-01-08 19:15:00;C072;Eletrônicos;38.6;MG;Concluído;"{""sistema"": ""iOS"", ""versao_app"": ""2.2""}"
1751;2026-01-08 19:30:00;C076;Eletrônicos;151.75;RJ;Cancelado;"{""sistema"": ""iOS"", ""versao_app"": ""2.2""}"
1752;2026-01-08 19:45:00;C024;Casa;113.21;SP;Concluído;"{""sistema"": ""Android"", ""versao_app"": ""2.1""}"
1753;2026-01-08 20:00:00;C028;Casa;302.62;RJ;Concluído;"{""sistema"": ""iOS"", ""versao_app"": ""2.2""}"
1754;2026-01-08 20:15:00;C008;Moda;252.71;PR;Concluído;"{""sistema"": ""Android"", ""versao_app"": ""2.1""}"
1755;2026-01-08 20:30:00;C092;Livros;133.37;PE;Concluído;"{""sistema"": ""iOS"", ""versao_app"": ""2.2""}"
1756;2026-01-08 20:45:00;C036;Livros;81.44;MG;Cancelado;"{""sistema"": ""Web"", ""versao_app"": ""N/A""}"
1757;2026-01-08 21:00:00;C090;Casa;1126.46;BA;Cancelado;"{""sistema"": ""iOS"", ""versao_app"": ""2.2""}"
1758;2026-01-08 21:15:00;C008;Livros;171.28;MG;Concluído;"{""sistema"": ""Web"", ""versao_app"": ""N/A""}"
1759;2026-01-08 21:30:00;C058;Eletrônicos;311.41;PR;Concluído;"{""sistema"": ""Web"", ""versao_app"": ""N/A""}"
1760;2026-01-08 21:45:00;C060;Eletrônicos;57.87;MG;Cancelado;"{""sistema"": ""Android"", ""versao_app"": ""2.1""}"
1761;2026-01-08 22:00:00;C050;Moda;186.18;BA;Pendente;"{""sistema"": ""iOS"", ""versao_app"": ""2.2""}"
1762;2026-01-08 22:15:00;C028;Eletrônicos;26.98;RS;Pendente;"{""sistema"": ""Android"", ""versao_app"": ""2.1""}"
1763;2026-01-08 22:30:00;C092;Moda;196.03;RJ;Concluído;"{""sistema"": ""iOS"", ""versao_app"": ""2.2""}"
1764;2026-01-08 22:45:00;C041;Esportes;851.18;BA;Concluído;"{""sistema"": ""Web"", ""versao_app"": ""N/A""}"
1765;2026-01-08 23:00:00;C100;Eletrônicos;141.21;SP;Concluído;"{""sistema"": ""Web"", ""versao_app"": ""N/A""}"
1766;2026-01-08 23:15:00;C064;Eletrônicos;29.94;PR;Concluído;"{""sistema"": ""iOS"", ""versao_app"": ""2.2""}"
1767;2026-01-08 23:30:00;C027;Moda;27.86;RS;Concluído;"{""sistema"": ""iOS"", ""versao_app"": ""2.2""}"
1768;2026-01-08 23:45:00;C063;Esportes;142.75;SP;Cancelado;"{""sistema"": ""Android"", ""versao_app"": ""2.1""}"
1769;2026-01-09 00:00:00;C017;Moda;63.6;SP;Pendente;"{""sistema"": ""iOS"", ""versao_app"": ""2.2""}"
1770;2026-01-09 00:15:00;C073;Moda;25.91;PR;Concluído;"{""sistema"": ""iOS"", ""versao_app"": ""2.2""}"
1771;2026-01-09 00:30:00;C033;Eletrônicos;372.87;RS;Pendente;"{""sistema"": ""iOS"", ""versao_app"": ""2.2""}"
1772;2026-01-09 00:45:00;C084;Eletrônicos;173.36;PE;Cancelado;"{""sistema"": ""Android"", ""versao_app"": ""2.1""}"
1773;2026-01-09 01:00:00;C077;Esportes;105.36;SP;Concluído;"{""sistema"": ""iOS"", ""versao_app"": ""2.2""}"
1774;2026-01-09 01:15:00;C092;Esportes;595.85;SP;Cancelado;"{""sistema"": ""Web"", ""versao_app"": ""N/A""}"
1775;2026-01-09 01:30:00;C029;Eletrônicos;50.86;RS;Cancelado;"{""sistema"": ""Android"", ""versao_app"": ""2.1""}"
1776;2026-01-09 01:45:00;C013;Esportes;800.43;MG;Pendente;"{""sistema"": ""Android"", ""versao_app"": ""2.1""}"
1777;2026-01-09 02:00:00;C046;Casa;114.21;SP;Concluído;"{""sistema"": ""Web"", ""versao_app"": ""N/A""}"
1778;2026-01-09 02:15:00;C035;Livros;568.22;RJ;Cancelado;"{""sistema"": ""Web"", ""versao_app"": ""N/A""}"
1779;2026-01-09 02:30:00;C006;Moda;250.92;RS;Pendente;"{""sistema"": ""Web"", ""versao_app"": ""N/A""}"
1780;2026-01-09 02:45:00;C082;Moda;458.19;SP;Concluído;"{""sistema"": ""iOS"", ""versao_app"": ""2.2""}"
1781;2026-01-09 03:00:00;C069;Moda;1054.0;PR;Concluído;"{""sistema"": ""Web"", ""versao_app"": ""N/A""}"
1782;2026-01-09 03:15:00;C047;Casa;;BA;Concluído;"{""sistema"": ""iOS"", ""versao_app"": ""2.2""}"
1783;2026-01-09 03:30:00;C025;Eletrônicos;831.92;RJ;Concluído;"{""sistema"": ""Android"", ""versao_app"": ""2.1""}"
1784;2026-01-09 03:45:00;C066;Eletrônicos;143.36;BA;Pendente;"{""sistema"": ""Android"", ""versao_app"": ""2.1""}"
1785;2026-01-09 04:00:00;C010;Moda;141.74;BA;Concluído;"{""sistema"": ""Web"", ""versao_app"": ""N/A""}"
1786;2026-01-09 04:15:00;C056;Casa;124.03;SP;Cancelado;"{""sistema"": ""iOS"", ""versao_app"": ""2.2""}"
1787;2026-01-09 04:30:00;C030;Eletrônicos;214.9;RJ;Concluído;"{""sistema"": ""Web"", ""versao_app"": ""N/A""}"
1788;2026-01-09 04:45:00;C005;Casa;61.85;RJ;Concluído;"{""sistema"": ""Web"", ""versao_app"": ""N/A""}"
1789;2026-01-09 05:00:00;C033;Esportes;221.7;MG;Pendente;"{""sistema"": ""iOS"", ""versao_app"": ""2.2""}"
1790;2026-01-09 05:15:00;C065;Eletrônicos;215.06;BA;Concluído;"{""sistema"": ""Web"", ""versao_app"": ""N/A""}"
1791;2026-01-09 05:30:00;C018;Casa;378.77;RJ;Concluído;"{""sistema"": ""Android"", ""versao_app"": ""2.1""}"
1792;2026-01-09 05:45:00;C096;Moda;468.42;MG;Concluído;"{""sistema"": ""Web"", ""versao_app"": ""N/A""}"
1793;2026-01-09 06:00:00;C049;Livros;165.15;RS;Concluído;"{""sistema"": ""iOS"", ""versao_app"": ""2.2""}"
1794;2026-01-09 06:15:00;C011;Eletrônicos;110.0;MG;Concluído;"{""sistema"": ""iOS"", ""versao_app"": ""2.2""}"
1795;2026-01-09 06:30:00;C085;Casa;95.05;PR;Pendente;"{""sistema"": ""Android"", ""versao_app"": ""2.1""}"
1796;2026-01-09 06:45:00;C026;Livros;74.11;PE;Pendente;"{""sistema"": ""iOS"", ""versao_app"": ""2.2""}"
1797;2026-01-09 07:00:00;C063;Esportes;34.84;SP;Pendente;"{""sistema"": ""iOS"", ""versao_app"": ""2.2""}"
1798;2026-01-09 07:15:00;C089;Casa;124.81;RS;Cancelado;"{""sistema"": ""Android"", ""versao_app"": ""2.1""}"
1799;2026-01-09 07:30:00;C086;Moda;98.76;PE;Concluído;"{""sistema"": ""Web"", ""versao_app"": ""N/A""}"
1800;2026-01-09 07:45:00;C059;Casa;868.44;PE;Concluído;"{""sistema"": ""Android"", ""versao_app"": ""2.1""}"
1801;2026-01-09 08:00:00;C027;Livros;223.95;RS;Pendente;"{""sistema"": ""Web"", ""versao_app"": ""N/A""}"
1802;2026-01-09 08:15:00;C049;Casa;126.65;PR;Pendente;"{""sistema"": ""Android"", ""versao_app"": ""2.1""}"
1803;2026-01-09 08:30:00;C077;Eletrônicos;237.15;MG;Concluído;"{""sistema"": ""Web"", ""versao_app"": ""N/A""}"
1804;2026-01-09 08:45:00;C033;Esportes;57.47;SP;Pendente;"{""sistema"": ""Android"", ""versao_app"": ""2.1""}"
1805;2026-01-09 09:00:00;C098;Casa;166.77;MG;Cancelado;"{""sistema"": ""Web"", ""versao_app"": ""N/A""}"
1806;2026-01-09 09:15:00;C099;Casa;266.03;RJ;Cancelado;"{""sistema"": ""Android"", ""versao_app"": ""2.1""}"
1807;2026-01-09 09:30:00;C001;Eletrônicos;187.8;MG;Pendente;"{""sistema"": ""Web"", ""versao_app"": ""N/A""}"
1808;2026-01-09 09:45:00;C021;Casa;148.45;RS;Concluído;"{""sistema"": ""Android"", ""versao_app"": ""2.1""}"
1809;2026-01-09 10:00:00;C055;Moda;1292.76;SP;Concluído;"{""sistema"": ""iOS"", ""versao_app"": ""2.2""}"
1810;2026-01-09 10:15:00;C006;Casa;550.72;MG;Concluído;"{""sistema"": ""Web"", ""versao_app"": ""N/A""}"
1811;2026-01-09 10:30:00;C092;Eletrônicos;264.15;SP;Concluído;"{""sistema"": ""Android"", ""versao_app"": ""2.1""}"
1812;2026-01-09 10:45:00;C081;Casa;230.63;SP;Pendente;"{""sistema"": ""Web"", ""versao_app"": ""N/A""}"
1813;2026-01-09 11:00:00;C069;Esportes;262.33;RJ;Concluído;"{""sistema"": ""Web"", ""versao_app"": ""N/A""}"
1814;2026-01-09 11:15:00;C095;Eletrônicos;76.2;RJ;Cancelado;"{""sistema"": ""Android"", ""versao_app"": ""2.1""}"
1815;2026-01-09 11:30:00;C005;Esportes;145.69;RS;Concluído;"{""sistema"": ""Web"", ""versao_app"": ""N/A""}"
1816;2026-01-09 11:45:00;C003;Moda;30.06;PR;Concluído;"{""sistema"": ""Android"", ""versao_app"": ""2.1""}"
1817;2026-01-09 12:00:00;C053;Livros;181.35;PE;Concluído;"{""sistema"": ""iOS"", ""versao_app"": ""2.2""}"
1818;2026-01-09 12:15:00;C023;Livros;215.78;SP;Concluído;"{""sistema"": ""Web"", ""versao_app"": ""N/A""}"
1819;2026-01-09 12:30:00;C053;Casa;84.61;PR;Concluído;"{""sistema"": ""iOS"", ""versao_app"": ""2.2""}"
1820;2026-01-09 12:45:00;C037;Casa;851.26;PE;Concluído;"{""sistema"": ""Web"", ""versao_app"": ""N/A""}"
1821;2026-01-09 13:00:00;C074;Livros;620.48;PE;Cancelado;"{""sistema"": ""Web"", ""versao_app"": ""N/A""}"
1822;2026-01-09 13:15:00;C074;Moda;;RS;Cancelado;"{""sistema"": ""Web"", ""versao_app"": ""N/A""}"
1823;2026-01-09 13:30:00;C083;Moda;210.56;PE;Concluído;"{""sistema"": ""Android"", ""versao_app"": ""2.1""}"
1824;2026-01-09 13:45:00;C017;Casa;530.0;PE;Concluído;"{""sistema"": ""iOS"", ""versao_app"": ""2.2""}"
1825;2026-01-09 14:00:00;C085;Livros;55.0;SP;Concluído;"{""sistema"": ""Web"", ""versao_app"": ""N/A""}"
1826;2026-01-09 14:15:00;C078;Livros;410.77;SP;Pendente;"{""sistema"": ""Android"", ""versao_app"": ""2.1""}"
1827;2026-01-09 14:30:00;C073;Livros;53.33;BA;Concluído;"{""sistema"": ""Web"", ""versao_app"": ""N/A""}"
1828;2026-01-09 14:45:00;C001;Moda;415.23;PR;Concluído;"{""sistema"": ""Android"", ""versao_app"": ""2.1""}"
1829;2026-01-09 15:00:00;C051;Livros;100.66;MG;Cancelado;"{""sistema"": ""Web"", ""versao_app"": ""N/A""}"
1830;2026-01-09 15:15:00;C045;Eletrônicos;544.08;RJ;Concluído;"{""sistema"": ""iOS"", ""versao_app"": ""2.2""}"
1831;2026-01-09 15:30:00;C077;Moda;740.79;MG;Pendente;"{""sistema"": ""iOS"", ""versao_app"": ""2.2""}"
1832;2026-01-09 15:45:00;C004;Eletrônicos;60.28;PR;Concluído;"{""sistema"": ""Web"", ""versao_app"": ""N/A""}"
1833;2026-01-09 16:00:00;C062;Moda;175.29;RJ;Concluído;"{""sistema"": ""Android"", ""versao_app"": ""2.1""}"
1834;2026-01-09 16:15:00;C065;Moda;1010.66;MG;Concluído;"{""sistema"": ""Web"", ""versao_app"": ""N/A""}"
1835;2026-01-09 16:30:00;C032;Moda;185.13;BA;Concluído;"{""sistema"": ""Android"", ""versao_app"": ""2.1""}"
1836;2026-01-09 16:45:00;C034;Casa;517.94;RJ;Cancelado;"{""sistema"": ""Web"", ""versao_app"": ""N/A""}"
1837;2026-01-09 17:00:00;C092;Moda;242.13;SP;Cancelado;"{""sistema"": ""Android"", ""versao_app"": ""2.1""}"
1838;2026-01-09 17:15:00;C095;Moda;137.63;MG;Concluído;"{""sistema"": ""iOS"", ""versao_app"": ""2.2""}"
1839;2026-01-09 17:30:00;C072;Eletrônicos;104.14;RJ;Concluído;"{""sistema"": ""Web"", ""versao_app"": ""N/A""}"
1840;2026-01-09 17:45:00;C039;Moda;76.8;BA;Concluído;"{""sistema"": ""iOS"", ""versao_app"": ""2.2""}"
1841;2026-01-09 18:00:00;C026;Eletrônicos;378.66;PE;Concluído;"{""sistema"": ""iOS"", ""versao_app"": ""2.2""}"
1842;2026-01-09 18:15:00;C034;Eletrônicos;142.16;RJ;Concluído;"{""sistema"": ""Web"", ""versao_app"": ""N/A""}"
1843;2026-01-09 18:30:00;C054;Casa;198.99;RJ;Concluído;"{""sistema"": ""Web"", ""versao_app"": ""N/A""}"
1844;2026-01-09 18:45:00;C003;Casa;189.48;BA;Concluído;"{""sistema"": ""Android"", ""versao_app"": ""2.1""}"
1845;2026-01-09 19:00:00;C050;Casa;235.26;PE;Concluído;"{""sistema"": ""Android"", ""versao_app"": ""2.1""}"
1846;2026-01-09 19:15:00;C012;Moda;521.69;MG;Pendente;"{""sistema"": ""iOS"", ""versao_app"": ""2.2""}"
1847;2026-01-09 19:30:00;C065;Moda;1007.42;RS;Pendente;"{""sistema"": ""Android"", ""versao_app"": ""2.1""}"
1848;2026-01-09 19:45:00;C054;Livros;150.89;MG;Cancelado;"{""sistema"": ""Android"", ""versao_app"": ""2.1""}"
1849;2026-01-09 20:00:00;C005;Moda;459.37;PE;Concluído;"{""sistema"": ""Web"", ""versao_app"": ""N/A""}"
1850;2026-01-09 20:15:00;C094;Moda;381.54;PR;Cancelado;"{""sistema"": ""Android"", ""versao_app"": ""2.1""}"
1851;2026-01-09 20:30:00;C094;Eletrônicos;233.05;BA;Concluído;"{""sistema"": ""iOS"", ""versao_app"": ""2.2""}"
1852;2026-01-09 20:45:00;C057;Moda;801.16;MG;Pendente;"{""sistema"": ""Android"", ""versao_app"": ""2.1""}"
1853;2026-01-09 21:00:00;C017;Moda;75.93;RJ;Concluído;"{""sistema"": ""iOS"", ""versao_app"": ""2.2""}"
1854;2026-01-09 21:15:00;C047;Moda;48.93;BA;Concluído;"{""sistema"": ""Web"", ""versao_app"": ""N/A""}"
1855;2026-01-09 21:30:00;C023;Casa;500.97;SP;Concluído;"{""sistema"": ""iOS"", ""versao_app"": ""2.2""}"
1856;2026-01-09 21:45:00;C079;Moda;164.58;PE;Concluído;"{""sistema"": ""Android"", ""versao_app"": ""2.1""}"
1857;2026-01-09 22:00:00;C085;Casa;489.28;MG;Concluído;"{""sistema"": ""Web"", ""versao_app"": ""N/A""}"
1858;2026-01-09 22:15:00;C014;Livros;578.94;BA;Concluído;"{""sistema"": ""Android"", ""versao_app"": ""2.1""}"
1859;2026-01-09 22:30:00;C066;Livros;36.12;MG;Concluído;"{""sistema"": ""Web"", ""versao_app"": ""N/A""}"
1860;2026-01-09 22:45:00;C075;Casa;557.39;BA;Concluído;"{""sistema"": ""Web"", ""versao_app"": ""N/A""}"
1861;2026-01-09 23:00:00;C051;Esportes;168.7;RJ;Cancelado;"{""sistema"": ""Android"", ""versao_app"": ""2.1""}"
1862;2026-01-09 23:15:00;C038;Eletrônicos;198.56;SP;Concluído;"{""sistema"": ""Android"", ""versao_app"": ""2.1""}"
1863;2026-01-09 23:30:00;C064;Eletrônicos;266.27;SP;Concluído;"{""sistema"": ""Web"", ""versao_app"": ""N/A""}"
1864;2026-01-09 23:45:00;C098;Eletrônicos;672.22;PR;Concluído;"{""sistema"": ""Web"", ""versao_app"": ""N/A""}"
1865;2026-01-10 00:00:00;C038;Casa;24.83;BA;Concluído;"{""sistema"": ""Android"", ""versao_app"": ""2.1""}"
1866;2026-01-10 00:15:00;C050;Livros;181.97;MG;Concluído;"{""sistema"": ""iOS"", ""versao_app"": ""2.2""}"
1867;2026-01-10 00:30:00;C098;Eletrônicos;310.97;SP;Pendente;"{""sistema"": ""Android"", ""versao_app"": ""2.1""}"
1868;2026-01-10 00:45:00;C082;Esportes;340.67;PE;Pendente;"{""sistema"": ""Web"", ""versao_app"": ""N/A""}"
1869;2026-01-10 01:00:00;C030;Eletrônicos;314.85;SP;Pendente;"{""sistema"": ""Android"", ""versao_app"": ""2.1""}"
1870;2026-01-10 01:15:00;C079;Esportes;56.09;RS;Concluído;"{""sistema"": ""iOS"", ""versao_app"": ""2.2""}"
1871;2026-01-10 01:30:00;C091;Moda;108.95;RS;Concluído;"{""sistema"": ""Android"", ""versao_app"": ""2.1""}"
1872;2026-01-10 01:45:00;C051;Eletrônicos;131.07;SP;Cancelado;"{""sistema"": ""Web"", ""versao_app"": ""N/A""}"
1873;2026-01-10 02:00:00;C063;Moda;427.97;BA;Concluído;"{""sistema"": ""Android"", ""versao_app"": ""2.1""}"
1874;2026-01-10 02:15:00;C098;Moda;101.7;PR;Concluído;"{""sistema"": ""Web"", ""versao_app"": ""N/A""}"
1875;2026-01-10 02:30:00;C052;Moda;79.15;SP;Concluído;"{""sistema"": ""Web"", ""versao_app"": ""N/A""}"
1876;2026-01-10 02:45:00;C038;Moda;809.26;RJ;Concluído;"{""sistema"": ""Android"", ""versao_app"": ""2.1""}"
1877;2026-01-10 03:00:00;C097;Livros;22.23;MG;Concluído;"{""sistema"": ""Web"", ""versao_app"": ""N/A""}"
1878;2026-01-10 03:15:00;C088;Moda;1552.21;PR;Concluído;"{""sistema"": ""Web"", ""versao_app"": ""N/A""}"
1879;2026-01-10 03:30:00;C079;Moda;302.39;RJ;Concluído;"{""sistema"": ""iOS"", ""versao_app"": ""2.2""}"
1880;2026-01-10 03:45:00;C030;Casa;460.75;PR;Concluído;"{""sistema"": ""iOS"", ""versao_app"": ""2.2""}"
1881;2026-01-10 04:00:00;C051;Casa;107.25;RJ;Concluído;"{""sistema"": ""iOS"", ""versao_app"": ""2.2""}"
1882;2026-01-10 04:15:00;C081;Moda;23.6;MG;Pendente;"{""sistema"": ""iOS"", ""versao_app"": ""2.2""}"
1883;2026-01-10 04:30:00;C005;Moda;354.73;MG;Concluído;"{""sistema"": ""Web"", ""versao_app"": ""N/A""}"
1884;2026-01-10 04:45:00;C029;Eletrônicos;469.16;RS;Concluído;"{""sistema"": ""Android"", ""versao_app"": ""2.1""}"
1885;2026-01-10 05:00:00;C004;Eletrônicos;357.23;BA;Concluído;"{""sistema"": ""Web"", ""versao_app"": ""N/A""}"
1886;2026-01-10 05:15:00;C010;Casa;58.54;RJ;Cancelado;"{""sistema"": ""Web"", ""versao_app"": ""N/A""}"
1887;2026-01-10 05:30:00;C056;Eletrônicos;370.03;RS;Concluído;"{""sistema"": ""Web"", ""versao_app"": ""N/A""}"
1888;2026-01-10 05:45:00;C017;Moda;386.25;RJ;Concluído;"{""sistema"": ""Android"", ""versao_app"": ""2.1""}"
1889;2026-01-10 06:00:00;C074;Casa;288.63;RS;Cancelado;"{""sistema"": ""iOS"", ""versao_app"": ""2.2""}"
1890;2026-01-10 06:15:00;C017;Eletrônicos;383.23;MG;Cancelado;"{""sistema"": ""Web"", ""versao_app"": ""N/A""}"
1891;2026-01-10 06:30:00;C084;Casa;487.57;PR;Pendente;"{""sistema"": ""Web"", ""versao_app"": ""N/A""}"
1892;2026-01-10 06:45:00;C088;Moda;257.72;PE;Cancelado;"{""sistema"": ""iOS"", ""versao_app"": ""2.2""}"
1893;2026-01-10 07:00:00;C069;Esportes;43.19;RS;Concluído;"{""sistema"": ""Web"", ""versao_app"": ""N/A""}"
1894;2026-01-10 07:15:00;C034;Moda;187.18;RJ;Concluído;"{""sistema"": ""Android"", ""versao_app"": ""2.1""}"
1895;2026-01-10 07:30:00;C006;Livros;40.21;RJ;Concluído;"{""sistema"": ""Web"", ""versao_app"": ""N/A""}"
1896;2026-01-10 07:45:00;C053;Casa;150.87;PE;Concluído;"{""sistema"": ""Web"", ""versao_app"": ""N/A""}"
1897;2026-01-10 08:00:00;C066;Eletrônicos;150.69;BA;Concluído;"{""sistema"": ""iOS"", ""versao_app"": ""2.2""}"
1898;2026-01-10 08:15:00;C077;Casa;37.07;MG;Cancelado;"{""sistema"": ""Web"", ""versao_app"": ""N/A""}"
1899;2026-01-10 08:30:00;C043;Esportes;127.24;RJ;Cancelado;"{""sistema"": ""Web"", ""versao_app"": ""N/A""}"
1900;2026-01-10 08:45:00;C075;Casa;49.41;SP;Pendente;"{""sistema"": ""Android"", ""versao_app"": ""2.1""}"
1901;2026-01-10 09:00:00;C023;Livros;432.87;PR;Concluído;"{""sistema"": ""iOS"", ""versao_app"": ""2.2""}"
1902;2026-01-10 09:15:00;C055;Livros;757.63;RS;Concluído;"{""sistema"": ""iOS"", ""versao_app"": ""2.2""}"
1903;2026-01-10 09:30:00;C080;Eletrônicos;38.77;BA;Pendente;"{""sistema"": ""Android"", ""versao_app"": ""2.1""}"
1904;2026-01-10 09:45:00;C095;Eletrônicos;795.91;PE;Concluído;"{""sistema"": ""Web"", ""versao_app"": ""N/A""}"
1905;2026-01-10 10:00:00;C075;Casa;204.84;PR;Cancelado;"{""sistema"": ""iOS"", ""versao_app"": ""2.2""}"
1906;2026-01-10 10:15:00;C016;Moda;109.01;MG;Pendente;"{""sistema"": ""iOS"", ""versao_app"": ""2.2""}"
1907;2026-01-10 10:30:00;C008;Livros;39.99;BA;Pendente;"{""sistema"": ""Web"", ""versao_app"": ""N/A""}"
1908;2026-01-10 10:45:00;C004;Esportes;193.6;RS;Concluído;"{""sistema"": ""Web"", ""versao_app"": ""N/A""}"
1909;2026-01-10 11:00:00;C004;Moda;415.6;RS;Cancelado;"{""sistema"": ""iOS"", ""versao_app"": ""2.2""}"
1910;2026-01-10 11:15:00;C056;Eletrônicos;326.97;PE;Cancelado;"{""sistema"": ""Web"", ""versao_app"": ""N/A""}"
1911;2026-01-10 11:30:00;C025;Livros;32.88;SP;Pendente;"{""sistema"": ""iOS"", ""versao_app"": ""2.2""}"
1912;2026-01-10 11:45:00;C067;Moda;38.92;PE;Cancelado;"{""sistema"": ""Web"", ""versao_app"": ""N/A""}"
1913;2026-01-10 12:00:00;C096;Livros;148.91;MG;Pendente;"{""sistema"": ""Web"", ""versao_app"": ""N/A""}"
1914;2026-01-10 12:15:00;C067;Moda;107.49;BA;Concluído;"{""sistema"": ""Android"", ""versao_app"": ""2.1""}"
1915;2026-01-10 12:30:00;C027;Casa;;BA;Pendente;"{""sistema"": ""Web"", ""versao_app"": ""N/A""}"
1916;2026-01-10 12:45:00;C093;Eletrônicos;102.48;RJ;Cancelado;"{""sistema"": ""Android"", ""versao_app"": ""2.1""}"
1917;2026-01-10 13:00:00;C032;Casa;426.75;SP;Cancelado;"{""sistema"": ""Web"", ""versao_app"": ""N/A""}"
1918;2026-01-10 13:15:00;C050;Moda;682.07;SP;Pendente;"{""sistema"": ""iOS"", ""versao_app"": ""2.2""}"
1919;2026-01-10 13:30:00;C061;Casa;149.84;BA;Pendente;"{""sistema"": ""iOS"", ""versao_app"": ""2.2""}"
1920;2026-01-10 13:45:00;C051;Eletrônicos;;BA;Pendente;"{""sistema"": ""Web"", ""versao_app"": ""N/A""}"
1921;2026-01-10 14:00:00;C019;Casa;116.97;PR;Concluído;"{""sistema"": ""Web"", ""versao_app"": ""N/A""}"
1922;2026-01-10 14:15:00;C021;Livros;181.77;PR;Cancelado;"{""sistema"": ""iOS"", ""versao_app"": ""2.2""}"
1923;2026-01-10 14:30:00;C005;Eletrônicos;;PR;Cancelado;"{""sistema"": ""Web"", ""versao_app"": ""N/A""}"
1924;2026-01-10 14:45:00;C082;Eletrônicos;275.74;SP;Concluído;"{""sistema"": ""Android"", ""versao_app"": ""2.1""}"
1925;2026-01-10 15:00:00;C092;Eletrônicos;985.58;RJ;Pendente;"{""sistema"": ""Android"", ""versao_app"": ""2.1""}"
1926;2026-01-10 15:15:00;C042;Casa;251.27;RS;Concluído;"{""sistema"": ""Android"", ""versao_app"": ""2.1""}"
1927;2026-01-10 15:30:00;C061;Casa;130.72;PR;Pendente;"{""sistema"": ""Android"", ""versao_app"": ""2.1""}"
1928;2026-01-10 15:45:00;C022;Moda;280.9;RJ;Pendente;"{""sistema"": ""Android"", ""versao_app"": ""2.1""}"
1929;2026-01-10 16:00:00;C021;Eletrônicos;52.79;PE;Concluído;"{""sistema"": ""Web"", ""versao_app"": ""N/A""}"
1930;2026-01-10 16:15:00;C070;Moda;;MG;Cancelado;"{""sistema"": ""Web"", ""versao_app"": ""N/A""}"
1931;2026-01-10 16:30:00;C001;Casa;194.83;PR;Pendente;"{""sistema"": ""Android"", ""versao_app"": ""2.1""}"
1932;2026-01-10 16:45:00;C005;Moda;169.16;PE;Cancelado;"{""sistema"": ""Web"", ""versao_app"": ""N/A""}"
1933;2026-01-10 17:00:00;C012;Esportes;240.39;RS;Concluído;"{""sistema"": ""Web"", ""versao_app"": ""N/A""}"
1934;2026-01-10 17:15:00;C090;Eletrônicos;265.06;MG;Cancelado;"{""sistema"": ""Android"", ""versao_app"": ""2.1""}"
1935;2026-01-10 17:30:00;C046;Casa;38.62;MG;Concluído;"{""sistema"": ""Web"", ""versao_app"": ""N/A""}"
1936;2026-01-10 17:45:00;C034;Moda;306.91;RS;Concluído;"{""sistema"": ""Web"", ""versao_app"": ""N/A""}"
1937;2026-01-10 18:00:00;C049;Moda;89.25;PR;Pendente;"{""sistema"": ""Web"", ""versao_app"": ""N/A""}"
1938;2026-01-10 18:15:00;C078;Casa;332.9;SP;Cancelado;"{""sistema"": ""Android"", ""versao_app"": ""2.1""}"
1939;2026-01-10 18:30:00;C090;Casa;452.25;RS;Pendente;"{""sistema"": ""Web"", ""versao_app"": ""N/A""}"
1940;2026-01-10 18:45:00;C045;Esportes;427.36;RS;Concluído;"{""sistema"": ""iOS"", ""versao_app"": ""2.2""}"
1941;2026-01-10 19:00:00;C027;Eletrônicos;221.02;RS;Concluído;"{""sistema"": ""iOS"", ""versao_app"": ""2.2""}"
1942;2026-01-10 19:15:00;C073;Eletrônicos;203.58;MG;Pendente;"{""sistema"": ""Android"", ""versao_app"": ""2.1""}"
1943;2026-01-10 19:30:00;C026;Casa;58.54;RJ;Concluído;"{""sistema"": ""iOS"", ""versao_app"": ""2.2""}"
1944;2026-01-10 19:45:00;C047;Casa;393.3;PE;Pendente;"{""sistema"": ""Android"", ""versao_app"": ""2.1""}"
1945;2026-01-10 20:00:00;C086;Moda;99.16;SP;Cancelado;"{""sistema"": ""iOS"", ""versao_app"": ""2.2""}"
1946;2026-01-10 20:15:00;C056;Eletrônicos;191.64;PR;Cancelado;"{""sistema"": ""iOS"", ""versao_app"": ""2.2""}"
1947;2026-01-10 20:30:00;C094;Eletrônicos;103.61;PR;Cancelado;"{""sistema"": ""iOS"", ""versao_app"": ""2.2""}"
1948;2026-01-10 20:45:00;C063;Livros;55.92;PE;Cancelado;"{""sistema"": ""Android"", ""versao_app"": ""2.1""}"
1949;2026-01-10 21:00:00;C048;Eletrônicos;268.26;RJ;Concluído;"{""sistema"": ""Android"", ""versao_app"": ""2.1""}"
1950;2026-01-10 21:15:00;C061;Moda;33.97;RS;Concluído;"{""sistema"": ""Web"", ""versao_app"": ""N/A""}"
1951;2026-01-10 21:30:00;C081;Eletrônicos;365.22;SP;Concluído;"{""sistema"": ""Android"", ""versao_app"": ""2.1""}"
1952;2026-01-10 21:45:00;C026;Moda;115.53;PR;Cancelado;"{""sistema"": ""iOS"", ""versao_app"": ""2.2""}"
1953;2026-01-10 22:00:00;C036;Eletrônicos;20.03;PE;Concluído;"{""sistema"": ""iOS"", ""versao_app"": ""2.2""}"
1954;2026-01-10 22:15:00;C001;Moda;198.91;BA;Cancelado;"{""sistema"": ""Android"", ""versao_app"": ""2.1""}"
1955;2026-01-10 22:30:00;C008;Eletrônicos;32.0;PE;Concluído;"{""sistema"": ""Android"", ""versao_app"": ""2.1""}"
1956;2026-01-10 22:45:00;C099;Livros;100.8;PR;Cancelado;"{""sistema"": ""Android"", ""versao_app"": ""2.1""}"
1957;2026-01-10 23:00:00;C052;Eletrônicos;326.88;RS;Concluído;"{""sistema"": ""Web"", ""versao_app"": ""N/A""}"
1958;2026-01-10 23:15:00;C079;Moda;36.19;BA;Concluído;"{""sistema"": ""iOS"", ""versao_app"": ""2.2""}"
1959;2026-01-10 23:30:00;C047;Livros;477.11;RJ;Pendente;"{""sistema"": ""Web"", ""versao_app"": ""N/A""}"
1960;2026-01-10 23:45:00;C056;Casa;20.96;SP;Cancelado;"{""sistema"": ""Web"", ""versao_app"": ""N/A""}"
1961;2026-01-11 00:00:00;C086;Moda;90.86;RJ;Concluído;"{""sistema"": ""iOS"", ""versao_app"": ""2.2""}"
1962;2026-01-11 00:15:00;C014;Moda;357.64;RJ;Pendente;"{""sistema"": ""iOS"", ""versao_app"": ""2.2""}"
1963;2026-01-11 00:30:00;C090;Moda;115.05;PE;Concluído;"{""sistema"": ""Android"", ""versao_app"": ""2.1""}"
1964;2026-01-11 00:45:00;C028;Casa;46.87;SP;Cancelado;"{""sistema"": ""Android"", ""versao_app"": ""2.1""}"
1965;2026-01-11 01:00:00;C087;Esportes;131.66;SP;Pendente;"{""sistema"": ""Web"", ""versao_app"": ""N/A""}"
1966;2026-01-11 01:15:00;C078;Casa;98.81;PR;Cancelado;"{""sistema"": ""Android"", ""versao_app"": ""2.1""}"
1967;2026-01-11 01:30:00;C088;Casa;482.42;PR;Concluído;"{""sistema"": ""Android"", ""versao_app"": ""2.1""}"
1968;2026-01-11 01:45:00;C002;Casa;113.98;SP;Pendente;"{""sistema"": ""iOS"", ""versao_app"": ""2.2""}"
1969;2026-01-11 02:00:00;C026;Moda;408.89;BA;Concluído;"{""sistema"": ""iOS"", ""versao_app"": ""2.2""}"
1970;2026-01-11 02:15:00;C014;Eletrônicos;576.11;MG;Concluído;"{""sistema"": ""Android"", ""versao_app"": ""2.1""}"
1971;2026-01-11 02:30:00;C059;Casa;162.21;PR;Concluído;"{""sistema"": ""iOS"", ""versao_app"": ""2.2""}"
1972;2026-01-11 02:45:00;C056;Esportes;621.83;MG;Cancelado;"{""sistema"": ""Android"", ""versao_app"": ""2.1""}"
1973;2026-01-11 03:00:00;C007;Eletrônicos;138.43;PE;Concluído;"{""sistema"": ""iOS"", ""versao_app"": ""2.2""}"
1974;2026-01-11 03:15:00;C003;Casa;851.6;BA;Concluído;"{""sistema"": ""iOS"", ""versao_app"": ""2.2""}"
1975;2026-01-11 03:30:00;C023;Eletrônicos;;SP;Concluído;"{""sistema"": ""iOS"", ""versao_app"": ""2.2""}"
1976;2026-01-11 03:45:00;C018;Moda;310.4;BA;Concluído;"{""sistema"": ""iOS"", ""versao_app"": ""2.2""}"
1977;2026-01-11 04:00:00;C038;Eletrônicos;190.21;PR;Pendente;"{""sistema"": ""Android"", ""versao_app"": ""2.1""}"
1978;2026-01-11 04:15:00;C099;Moda;142.61;RJ;Pendente;"{""sistema"": ""Web"", ""versao_app"": ""N/A""}"
1979;2026-01-11 04:30:00;C015;Livros;270.4;PE;Concluído;"{""sistema"": ""iOS"", ""versao_app"": ""2.2""}"
1980;2026-01-11 04:45:00;C064;Moda;324.23;SP;Pendente;"{""sistema"": ""Android"", ""versao_app"": ""2.1""}"
1981;2026-01-11 05:00:00;C089;Casa;21.09;RS;Concluído;"{""sistema"": ""Android"", ""versao_app"": ""2.1""}"
1982;2026-01-11 05:15:00;C028;Livros;65.67;PE;Concluído;"{""sistema"": ""iOS"", ""versao_app"": ""2.2""}"
1983;2026-01-11 05:30:00;C074;Esportes;332.11;MG;Cancelado;"{""sistema"": ""Web"", ""versao_app"": ""N/A""}"
1984;2026-01-11 05:45:00;C039;Eletrônicos;294.44;BA;Concluído;"{""sistema"": ""iOS"", ""versao_app"": ""2.2""}"
1985;2026-01-11 06:00:00;C057;Moda;865.7;SP;Concluído;"{""sistema"": ""Android"", ""versao_app"": ""2.1""}"
1986;2026-01-11 06:15:00;C017;Eletrônicos;377.86;PE;Concluído;"{""sistema"": ""Web"", ""versao_app"": ""N/A""}"
1987;2026-01-11 06:30:00;C086;Esportes;772.83;BA;Cancelado;"{""sistema"": ""Android"", ""versao_app"": ""2.1""}"
1988;2026-01-11 06:45:00;C090;Esportes;323.12;SP;Concluído;"{""sistema"": ""iOS"", ""versao_app"": ""2.2""}"
1989;2026-01-11 07:00:00;C044;Moda;108.47;PR;Pendente;"{""sistema"": ""Web"", ""versao_app"": ""N/A""}"
1990;2026-01-11 07:15:00;C025;Livros;47.83;PE;Concluído;"{""sistema"": ""Android"", ""versao_app"": ""2.1""}"
1991;2026-01-11 07:30:00;C017;Moda;400.61;PR;Concluído;"{""sistema"": ""Android"", ""versao_app"": ""2.1""}"
1992;2026-01-11 07:45:00;C013;Casa;278.31;PE;Concluído;"{""sistema"": ""Android"", ""versao_app"": ""2.1""}"
1993;2026-01-11 08:00:00;C084;Eletrônicos;32.35;PR;Pendente;"{""sistema"": ""iOS"", ""versao_app"": ""2.2""}"
1994;2026-01-11 08:15:00;C025;Livros;131.59;BA;Cancelado;"{""sistema"": ""Web"", ""versao_app"": ""N/A""}"
1995;2026-01-11 08:30:00;C068;Eletrônicos;805.48;RS;Concluído;"{""sistema"": ""iOS"", ""versao_app"": ""2.2""}"
1996;2026-01-11 08:45:00;C010;Livros;193.49;PE;Concluído;"{""sistema"": ""iOS"", ""versao_app"": ""2.2""}"
1997;2026-01-11 09:00:00;C067;Livros;161.73;PE;Cancelado;"{""sistema"": ""iOS"", ""versao_app"": ""2.2""}"
1998;2026-01-11 09:15:00;C018;Casa;172.98;PR;Concluído;"{""sistema"": ""Web"", ""versao_app"": ""N/A""}"
1999;2026-01-11 09:30:00;C100;Eletrônicos;78.58;SP;Concluído;"{""sistema"": ""iOS"", ""versao_app"": ""2.2""}"
2000;2026-01-11 09:45:00;C086;Moda;135.0;PE;Concluído;"{""sistema"": ""iOS"", ""versao_app"": ""2.2""}"
